A005930,삼성전자,반도체 관련장비 및 부품,Y,N,N,N
A000660,SK하이닉스,반도체 관련장비 및 부품,Y,N,N,N
A207940,삼성바이오로직스,제약 및 바이오,Y,N,N,N
A035420,NAVER,IT서비스,Y,N,N,N
A068270,셀트리온,제약 및 바이오,Y,N,N,N
A051910,LG화학,화학,Y,N,N,N
A006400,삼성SDI,IT 장비 및 소재,Y,N,N,N
A005380,현대차,자동차 및 관련부품,Y,N,N,N
A051900,LG생활건강,가정용품,Y,N,N,N
A035720,카카오,IT서비스,Y,N,N,N
A028260,삼성물산,지주사,Y,Y,N,N
A012330,현대모비스,자동차 및 관련부품,Y,N,N,N
A034730,SK,지주사,Y,Y,N,N
A017670,SK텔레콤,통신,Y,N,N,N
A036570,엔씨소프트,미디어 및 엔터,Y,N,N,N
A005490,POSCO,철강 및 비철강,Y,N,N,N
A055550,신한지주,지주사,Y,Y,N,N
A105560,KB금융,금융,Y,N,Y,N
A000270,기아차,자동차 및 관련부품,Y,N,N,N
A091990,셀트리온헬스케어,제약 및 바이오,Y,N,N,N
A015760,한국전력,유틸리티,Y,N,N,N
A018260,삼성에스디에스,IT서비스,Y,N,N,N
A003550,LG,지주사,Y,Y,N,N
A033780,KT&G,식음료,Y,N,N,N
A096770,SK이노베이션,석유 및 가스,Y,N,N,N
A066570,LG전자,전기 및 전자기기,Y,N,N,N
A090430,아모레퍼시픽,가정용품,Y,N,N,N
A032830,삼성생명,금융,Y,N,Y,N
A009150,삼성전기,IT 장비 및 소재,Y,N,N,N
A000810,삼성화재,금융,Y,N,Y,N
A086790,하나금융지주,지주사,Y,Y,N,N
A010950,S-Oil,석유 및 가스,Y,N,N,N
A251270,넷마블,미디어 및 엔터,Y,N,N,N
A010130,고려아연,철강 및 비철강,Y,N,N,N
A316140,우리금융지주,금융,Y,N,Y,N
A009540,한국조선해양,조선,Y,N,N,N
A011170,롯데케미칼,화학,Y,N,N,N
A030200,KT,통신,Y,N,N,N
A024110,기업은행,금융,Y,N,Y,N
A028300,에이치엘비,제약 및 바이오,Y,N,N,N
A032640,LG유플러스,통신,Y,N,N,N
A035250,강원랜드,레저산업,Y,N,N,N
A018880,한온시스템,자동차 및 관련부품,Y,N,N,N
A021240,코웨이,가정용품,Y,N,N,N
A180640,한진칼,운송 및 물류,Y,N,N,N
A271560,오리온,식음료,Y,N,N,N
A002790,아모레G,지주사,Y,Y,N,N
A086280,현대글로비스,운송 및 물류,Y,N,N,N
A068760,셀트리온제약,제약 및 바이오,Y,N,N,N
A006800,미래에셋대우,금융,Y,N,Y,N
A097950,CJ제일제당,식음료,Y,N,N,N
A267250,현대중공업지주,지주사,Y,Y,N,N
A034220,LG디스플레이,디스플레이 장비 및 부품,Y,N,N,N
A010140,삼성중공업,조선,Y,N,N,N
A000720,현대건설,건설 및 건축자재,Y,N,N,N
A004990,롯데지주,지주사,Y,Y,N,N
A000120,CJ대한통운,운송 및 물류,Y,N,N,N
A078930,GS,지주사,Y,Y,N,N
A003670,포스코케미칼,철강 및 비철강,Y,N,N,N
A011070,LG이노텍,IT 장비 및 소재,Y,N,N,N
A029780,삼성카드,금융,Y,N,Y,N
A003490,대한항공,운송 및 물류,Y,N,N,N
A012750,에스원,IT서비스,Y,N,N,N
A000100,유한양행,제약 및 바이오,Y,N,N,N
A196170,알테오젠,제약 및 바이오,Y,N,N,N
A005830,DB손해보험,금융,Y,N,Y,N
A000210,대림산업,건설 및 건축자재,Y,N,N,N
A139480,이마트,유통,Y,N,N,N
A004020,현대제철,철강 및 비철강,Y,N,N,N
A008770,호텔신라,유통,Y,N,N,N
A161390,한국타이어앤테크놀로지,자동차 및 관련부품,Y,N,N,N
A007070,GS리테일,유통,Y,N,N,N
A012510,더존비즈온,IT서비스,Y,N,N,N
A071050,한국금융지주,지주사,Y,Y,N,N
A128940,한미약품,제약 및 바이오,Y,N,N,N
A005940,NH투자증권,금융,Y,N,Y,N
A042660,대우조선해양,조선,Y,N,N,N
A036460,한국가스공사,유틸리티,Y,N,N,N
A096530,씨젠,의료기기 및 용품,Y,N,N,N
A016360,삼성증권,금융,Y,N,Y,N
A003410,쌍용양회,건설 및 건축자재,Y,N,N,N
A241560,두산밥캣,기계,Y,N,N,N
A035760,CJ ENM,미디어 및 엔터,Y,N,N,N
A263750,펄어비스,미디어 및 엔터,Y,N,N,N
A009830,한화솔루션,에너지,Y,N,N,N
A001040,CJ,지주사,Y,Y,N,N
A282330,BGF리테일,유통,Y,N,N,N
A000080,하이트진로,식음료,Y,N,N,N
A028050,삼성엔지니어링,건설 및 건축자재,Y,N,N,N
A023530,롯데쇼핑,유통,Y,N,N,N
A047810,한국항공우주,기계,Y,N,N,N
A081660,휠라홀딩스,섬유 및 의류,Y,N,N,N
A004170,신세계,유통,Y,N,N,N
A247540,에코프로비엠,IT 장비 및 소재,Y,N,N,N
A032500,케이엠더블유,통신,Y,N,N,N
A006360,GS건설,건설 및 건축자재,Y,N,N,N
A011780,금호석유,화학,Y,N,N,N
A001450,현대해상,금융,Y,N,Y,N
A008560,메리츠증권,금융,Y,N,Y,N
A020150,일진머티리얼즈,IT 장비 및 소재,Y,N,N,N
A011790,SKC,화학,Y,N,N,N
A253450,스튜디오드래곤,미디어 및 엔터,Y,N,N,N
A008930,한미사이언스,제약 및 바이오,Y,N,N,N
A009240,한샘,가정용품,Y,N,N,N
A028670,팬오션,운송 및 물류,Y,N,N,N
A030000,제일기획,미디어 및 엔터,Y,N,N,N
A007310,오뚜기,식음료,Y,N,N,N
A039490,키움증권,금융,Y,N,Y,N
A047050,포스코인터내셔널,일반서비스,Y,N,N,N
A004370,농심,식음료,Y,N,N,N
A084990,헬릭스미스,제약 및 바이오,Y,N,N,N
A003000,부광약품,제약 및 바이오,Y,N,N,N
A138930,BNK금융지주,지주사,Y,Y,N,N
A017800,현대엘리베이,기계,Y,N,N,N
A140410,메지온,제약 및 바이오,Y,N,N,N
A095700,제넥신,제약 및 바이오,Y,N,N,N
A036490,SK머티리얼즈,반도체 관련장비 및 부품,Y,N,N,N
A145020,휴젤,가정용품,Y,N,N,N
A006280,녹십자,제약 및 바이오,Y,N,N,N
A026960,동서,지주사,Y,Y,N,N
A011200,HMM,운송 및 물류,Y,N,N,N
A047040,대우건설,건설 및 건축자재,Y,N,N,N
A240810,원익IPS,반도체 관련장비 및 부품,Y,N,N,N
A000060,메리츠화재,금융,Y,N,Y,N
A069620,대웅제약,제약 및 바이오,Y,N,N,N
A084850,아이티엠반도체,IT 장비 및 소재,Y,N,N,N
A181710,NHN,미디어 및 엔터,Y,N,N,N
A016380,KG동부제철,철강 및 비철강,Y,N,N,N
A058470,리노공업,반도체 관련장비 및 부품,Y,N,N,N
A000880,한화,지주사,Y,Y,N,N
A098460,고영,전기 및 전자기기,Y,N,N,N
A069960,현대백화점,유통,Y,N,N,N
A007700,F&F,섬유 및 의류,Y,N,N,N
A036830,솔브레인홀딩스,반도체 관련장비 및 부품,Y,N,N,N
A003090,대웅,제약 및 바이오,Y,N,N,N
A138040,메리츠금융지주,지주사,Y,Y,N,N
A051600,한전KPS,유틸리티,Y,N,N,N
A004800,효성,섬유 및 의류,Y,N,N,N
A009420,한올바이오파마,제약 및 바이오,Y,N,N,N
A010620,현대미포조선,조선,Y,N,N,N
A010120,LS ELECTRIC,기계,Y,N,N,N
A088350,한화생명,금융,Y,N,Y,N
A111770,영원무역,섬유 및 의류,Y,N,N,N
A031430,신세계인터내셔날,섬유 및 의류,Y,N,N,N
A034230,파라다이스,레저산업,Y,N,N,N
A294870,HDC현대산업개발,건설 및 건축자재,Y,N,N,N
A064350,현대로템,기계,Y,N,N,N
A078340,컴투스,미디어 및 엔터,Y,N,N,N
A002380,KCC,건설 및 건축자재,Y,N,N,N
A001740,SK네트웍스,석유 및 가스,Y,N,N,N
A200130,콜마비앤에이치,가정용품,Y,N,N,N
A042670,두산인프라코어,기계,Y,N,N,N
A000990,DB하이텍,반도체 관련장비 및 부품,Y,N,N,N
A056190,에스에프에이,디스플레이 장비 및 부품,Y,N,N,N
A204320,만도,자동차 및 관련부품,Y,N,N,N
A014680,한솔케미칼,IT 장비 및 소재,Y,N,N,N
A006260,LS,전기 및 전자기기,Y,N,N,N
A005690,파미셀,제약 및 바이오,Y,N,N,N
A012450,한화에어로스페이스,기계,Y,N,N,N
A235980,메드팩토,제약 및 바이오,Y,N,N,N
A034020,두산중공업,기계,Y,N,N,N
A336370,두산솔루스,IT 장비 및 소재,Y,N,N,N
A041960,코미팜,제약 및 바이오,Y,N,N,N
A009410,태영건설,건설 및 건축자재,Y,N,N,N
A085660,차바이오텍,제약 및 바이오,Y,N,N,N
A192080,더블유게임즈,미디어 및 엔터,Y,N,N,N
A013890,지누스,가정용품,Y,N,N,N
A007570,일양약품,제약 및 바이오,Y,N,N,N
A030190,NICE평가정보,IT서비스,Y,N,N,N
A039030,이오테크닉스,반도체 관련장비 및 부품,Y,N,N,N
A011210,현대위아,자동차 및 관련부품,Y,N,N,N
A285130,SK케미칼,화학,Y,N,N,N
A060250,NHN한국사이버결제,IT서비스,Y,N,N,N
A214320,이노션,미디어 및 엔터,Y,N,N,N
A185750,종근당,제약 및 바이오,Y,N,N,N
A019170,신풍제약,제약 및 바이오,Y,N,N,N
A005250,녹십자홀딩스,지주사,Y,Y,N,N
A161890,한국콜마,가정용품,Y,N,N,N
A064760,티씨케이,반도체 관련장비 및 부품,Y,N,N,N
A005290,동진쎄미켐,디스플레이 장비 및 부품,Y,N,N,N
A010780,아이에스동서,건설 및 건축자재,Y,N,N,N
A175330,JB금융지주,지주사,Y,Y,N,N
A000240,한국테크놀로지그룹,자동차 및 관련부품,Y,N,N,N
A003520,영진약품,제약 및 바이오,Y,N,N,N
A067630,에이치엘비생명과학,제약 및 바이오,Y,N,N,N
A298380,에이비엘바이오,제약 및 바이오,Y,N,N,N
A010060,OCI,에너지,Y,N,N,N
A139130,DGB금융지주,지주사,Y,Y,N,N
A086450,동국제약,제약 및 바이오,Y,N,N,N
A114090,GKL,레저산업,Y,N,N,N
A214150,클래시스,의료기기 및 용품,Y,N,N,N
A004000,롯데정밀화학,화학,Y,N,N,N
A000670,영풍,철강 및 비철강,Y,N,N,N
A272210,한화시스템,기계,Y,N,N,N
A020560,아시아나항공,운송 및 물류,Y,N,N,N
A032350,롯데관광개발,레저산업,Y,N,N,N
A120110,코오롱인더,화학,Y,N,N,N
A192820,코스맥스,가정용품,Y,N,N,N
A073240,금호타이어,자동차 및 관련부품,Y,N,N,N
A178920,PI첨단소재,IT 장비 및 소재,Y,N,N,N
A307950,현대오토에버,IT서비스,Y,N,N,N
A003690,코리안리,금융,Y,N,Y,N
A003230,삼양식품,식음료,Y,N,N,N
A025980,아난티,레저산업,Y,N,N,N
A000250,삼천당제약,제약 및 바이오,Y,N,N,N
A036540,SFA반도체,반도체 관련장비 및 부품,Y,N,N,N
A001800,오리온홀딩스,지주사,Y,Y,N,N
A278280,천보,반도체 관련장비 및 부품,Y,N,N,N
A086900,메디톡스,가정용품,Y,N,N,N
A082270,젬백스,제약 및 바이오,Y,N,N,N
A284740,쿠쿠홈시스,가정용품,Y,N,N,N
A003240,태광산업,섬유 및 의류,Y,N,N,N
A141080,레고켐바이오,제약 및 바이오,Y,N,N,N
A108230,톱텍,디스플레이 장비 및 부품,Y,N,N,N
A241590,화승엔터프라이즈,섬유 및 의류,Y,N,N,N
A005300,롯데칠성,식음료,Y,N,N,N
A023590,다우기술,IT서비스,Y,N,N,N
A003060,에이프로젠제약,제약 및 바이오,Y,N,N,N
A214370,케어젠,제약 및 바이오,Y,N,N,N
A215600,신라젠,제약 및 바이오,Y,N,N,N
A006650,대한유화,화학,Y,N,N,N
A057050,현대홈쇼핑,유통,Y,N,N,N
A290650,엘앤씨바이오,의료기기 및 용품,Y,N,N,N
A001680,대상,식음료,Y,N,N,N
A218410,RFHIC,통신,Y,N,N,N
A005440,현대그린푸드,식음료,Y,N,N,N
A046890,서울반도체,전기 및 전자기기,Y,N,N,N
A035900,JYP Ent.,미디어 및 엔터,Y,N,N,N
A204270,제이앤티씨,IT 장비 및 소재,Y,N,N,N
A006040,동원산업,식음료,Y,N,N,N
A093370,후성,반도체 관련장비 및 부품,Y,N,N,N
A028150,GS홈쇼핑,유통,Y,N,N,N
A280360,롯데제과,식음료,Y,N,N,N
A001060,JW중외제약,제약 및 바이오,Y,N,N,N
A336260,두산퓨얼셀,IT 장비 및 소재,Y,N,N,N
A020000,한섬,섬유 및 의류,Y,N,N,N
A049770,동원F&B,식음료,Y,N,N,N
A078130,국일제지,종이 및 용기,Y,N,N,N
A213420,덕산네오룩스,디스플레이 장비 및 부품,Y,N,N,N
A170900,동아에스티,제약 및 바이오,Y,N,N,N
A034310,NICE,지주사,Y,Y,N,N
A079550,LIG넥스원,기계,Y,N,N,N
A039200,오스코텍,제약 및 바이오,Y,N,N,N
A022100,포스코 ICT,IT서비스,Y,N,N,N
A069080,웹젠,미디어 및 엔터,Y,N,N,N
A033640,네패스,반도체 관련장비 및 부품,Y,N,N,N
A000150,두산,지주사,Y,Y,N,N
A003850,보령제약,제약 및 바이오,Y,N,N,N
A268600,셀리버리,제약 및 바이오,Y,N,N,N
A069260,휴켐스,화학,Y,N,N,N
A115390,락앤락,종이 및 용기,Y,N,N,N
A018670,SK가스,석유 및 가스,Y,N,N,N
A033660,아주캐피탈,금융,Y,N,Y,N
A086520,에코프로,IT 장비 및 소재,Y,N,N,N
A112610,씨에스윈드,에너지,Y,N,N,N
A115450,지트리비앤티,제약 및 바이오,Y,N,N,N
A018250,애경산업,가정용품,Y,N,N,N
A071840,롯데하이마트,유통,Y,N,N,N
A067160,아프리카TV,미디어 및 엔터,Y,N,N,N
A001440,대한전선,전기 및 전자기기,Y,N,N,N
A003380,하림지주,지주사,Y,Y,N,N
A078070,유비쿼스홀딩스,지주사,Y,Y,N,N
A001230,동국제강,철강 및 비철강,Y,N,N,N
A092190,서울바이오시스,전기 및 전자기기,Y,N,N,N
A008350,남선알미늄,건설 및 건축자재,Y,N,N,N
A065660,안트로젠,제약 및 바이오,Y,N,N,N
A005850,에스엘,자동차 및 관련부품,Y,N,N,N
A108320,실리콘웍스,디스플레이 장비 및 부품,Y,N,N,N
A090460,비에이치,IT 장비 및 소재,Y,N,N,N
A237690,에스티팜,제약 및 바이오,Y,N,N,N
A183490,엔지켐생명과학,제약 및 바이오,Y,N,N,N
A052690,한전기술,건설 및 건축자재,Y,N,N,N
A092040,아미코젠,제약 및 바이오,Y,N,N,N
A005180,빙그레,식음료,Y,N,N,N
A267980,매일유업,식음료,Y,N,N,N
A064960,S&T모티브,자동차 및 관련부품,Y,N,N,N
A041510,에스엠,미디어 및 엔터,Y,N,N,N
A192400,쿠쿠홀딩스,가정용품,Y,N,N,N
A014820,동원시스템즈,종이 및 용기,Y,N,N,N
A007390,네이처셀,식음료,Y,N,N,N
A083790,크리스탈,제약 및 바이오,Y,N,N,N
A230360,에코마케팅,미디어 및 엔터,Y,N,N,N
A103140,풍산,철강 및 비철강,Y,N,N,N
A002350,넥센타이어,자동차 및 관련부품,Y,N,N,N
A192650,드림텍,IT 장비 및 소재,Y,N,N,N
A005610,SPC삼립,식음료,Y,N,N,N
A108670,LG하우시스,건설 및 건축자재,Y,N,N,N
A002320,한진,운송 및 물류,Y,N,N,N
A035600,KG이니시스,IT서비스,Y,N,N,N
A001120,LG상사,일반서비스,Y,N,N,N
A286940,롯데정보통신,IT서비스,Y,N,N,N
A097520,엠씨넥스,IT 장비 및 소재,Y,N,N,N
A001820,삼화콘덴서,IT 장비 및 소재,Y,N,N,N
A151910,나노스,IT 장비 및 소재,Y,N,N,N
A039130,하나투어,레저산업,Y,N,N,N
A003470,유안타증권,금융,Y,N,Y,N
A271980,제일약품,제약 및 바이오,Y,N,N,N
A012630,HDC,건설 및 건축자재,Y,N,N,N
A009970,영원무역홀딩스,지주사,Y,Y,N,N
A066970,엘앤에프,IT 장비 및 소재,Y,N,N,N
A058820,CMG제약,제약 및 바이오,Y,N,N,N
A000640,동아쏘시오홀딩스,지주사,Y,Y,N,N
A001630,종근당홀딩스,지주사,Y,Y,N,N
A008490,서흥,제약 및 바이오,Y,N,N,N
A298020,효성티앤씨,화학,Y,N,N,N
A085620,미래에셋생명,금융,Y,N,Y,N
A017810,풀무원,식음료,Y,N,N,N
A053800,안랩,IT서비스,Y,N,N,N
A006120,SK디스커버리,지주사,Y,Y,N,N
A032620,유비케어,의료기기 및 용품,Y,N,N,N
A009450,경동나비엔,기계,Y,N,N,N
A079160,CJ CGV,미디어 및 엔터,Y,N,N,N
A060720,KH바텍,IT 장비 및 소재,Y,N,N,N
A112040,위메이드,미디어 및 엔터,Y,N,N,N
A105630,한세실업,섬유 및 의류,Y,N,N,N
A101490,에스앤에스텍,디스플레이 장비 및 부품,Y,N,N,N
A122870,와이지엔터테인먼트,미디어 및 엔터,Y,N,N,N
A144510,녹십자랩셀,제약 및 바이오,Y,N,N,N
A003540,대신증권,금융,Y,N,Y,N
A052260,SK바이오랜드,가정용품,Y,N,N,N
A006390,한일현대시멘트,건설 및 건축자재,Y,N,N,N
A042000,카페24,IT서비스,Y,N,N,N
A000400,롯데손해보험,금융,Y,N,Y,N
A033290,코웰패션,섬유 및 의류,Y,N,N,N
A214450,파마리서치프로덕트,제약 및 바이오,Y,N,N,N
A031390,녹십자셀,제약 및 바이오,Y,N,N,N
A089590,제주항공,운송 및 물류,Y,N,N,N
A091700,파트론,IT 장비 및 소재,Y,N,N,N
A036420,제이콘텐트리,미디어 및 엔터,Y,N,N,N
A294140,레몬,화학,Y,N,N,N
A082640,동양생명,금융,Y,N,Y,N
A029960,코엔텍,일반서비스,Y,N,N,N
A084370,유진테크,반도체 관련장비 및 부품,Y,N,N,N
A243070,휴온스,제약 및 바이오,Y,N,N,N
A032190,다우데이타,IT서비스,Y,N,N,N
A210980,SK디앤디,일반서비스,Y,N,N,N
A263050,유틸렉스,제약 및 바이오,Y,N,N,N
A048530,인트론바이오,제약 및 바이오,Y,N,N,N
A000070,삼양홀딩스,지주사,Y,Y,N,N
A025900,동화기업,건설 및 건축자재,Y,N,N,N
A007460,에이프로젠 KIC,기계,Y,N,N,N
A003800,에이스침대,가정용품,Y,N,N,N
A097230,한진중공업,조선,Y,N,N,N
A078160,메디포스트,제약 및 바이오,Y,N,N,N
A126560,현대에이치씨엔,미디어 및 엔터,Y,N,N,N
A006060,화승인더,섬유 및 의류,Y,N,N,N
A206640,바디텍메드,의료기기 및 용품,Y,N,N,N
A178320,서진시스템,통신,Y,N,N,N
A245620,EDGC,의료기기 및 용품,Y,N,N,N
A950160,코오롱티슈진,제약 및 바이오,N,N,N,N
A095660,네오위즈,미디어 및 엔터,Y,N,N,N
A034830,한국토지신탁,일반서비스,Y,N,N,N
A138080,오이솔루션,통신,Y,N,N,N
A950180,SNK,미디어 및 엔터,Y,N,N,N
A353200,대덕전자,IT 장비 및 소재,Y,N,N,N
A048260,오스템임플란트,의료기기 및 용품,Y,N,N,N
A145720,덴티움,의료기기 및 용품,Y,N,N,N
A182400,엔케이맥스,의료기기 및 용품,Y,N,N,N
A131970,테스나,반도체 관련장비 및 부품,Y,N,N,N
A267270,현대건설기계,기계,Y,N,N,N
A033180,필룩스,전기 및 전자기기,Y,N,N,N
A095610,테스,반도체 관련장비 및 부품,Y,N,N,N
A145990,삼양사,식음료,Y,N,N,N
A078600,대주전자재료,IT 장비 및 소재,Y,N,N,N
A068240,다원시스,기계,Y,N,N,N
A042700,한미반도체,반도체 관련장비 및 부품,Y,N,N,N
A005880,대한해운,운송 및 물류,Y,N,N,N
A084680,이월드,레저산업,Y,N,N,N
A215200,메가스터디교육,일반서비스,Y,N,N,N
A027410,BGF,지주사,Y,Y,N,N
A071320,지역난방공사,유틸리티,Y,N,N,N
A038540,상상인,IT서비스,Y,N,N,N
A039840,디오,의료기기 및 용품,Y,N,N,N
A045390,대아티아이,운송 및 물류,Y,N,N,N
A004490,세방전지,자동차 및 관련부품,Y,N,N,N
A215000,골프존,레저산업,Y,N,N,N
A230240,에치에프알,통신,Y,N,N,N
A011000,진원생명과학,제약 및 바이오,Y,N,N,N
A026890,디피씨,IT 장비 및 소재,Y,N,N,N
A001720,신영증권,금융,Y,N,Y,N
A102710,이엔에프테크놀로지,반도체 관련장비 및 부품,Y,N,N,N
A001430,세아베스틸,철강 및 비철강,Y,N,N,N
A023890,한국아트라스비엑스,자동차 및 관련부품,Y,N,N,N
A102940,코오롱생명과학,제약 및 바이오,Y,N,N,N
A002270,롯데푸드,식음료,Y,N,N,N
A024720,한국콜마홀딩스,지주사,Y,Y,N,N
A003530,한화투자증권,금융,Y,N,Y,N
A174900,앱클론,제약 및 바이오,Y,N,N,N
A281820,케이씨텍,반도체 관련장비 및 부품,Y,N,N,N
A200230,텔콘RF제약,통신,Y,N,N,N
A053030,바이넥스,제약 및 바이오,Y,N,N,N
A000020,동화약품,제약 및 바이오,Y,N,N,N
A009290,광동제약,제약 및 바이오,Y,N,N,N
A192440,슈피겐코리아,IT 장비 및 소재,Y,N,N,N
A093050,LF,섬유 및 의류,Y,N,N,N
A025540,한국단자,자동차 및 관련부품,Y,N,N,N
A038500,삼표시멘트,건설 및 건축자재,Y,N,N,N
A044340,위닉스,가정용품,Y,N,N,N
A025860,남해화학,화학,Y,N,N,N
A082920,비츠로셀,유틸리티,Y,N,N,N
A019680,대교,일반서비스,Y,N,N,N
A048410,현대바이오,제약 및 바이오,Y,N,N,N
A010050,우리종금,금융,Y,N,Y,N
A081000,일진다이아,철강 및 비철강,Y,N,N,N
A061970,엘비세미콘,반도체 관련장비 및 부품,Y,N,N,N
A000140,하이트진로홀딩스,지주사,Y,Y,N,N
A005070,코스모신소재,IT 장비 및 소재,Y,N,N,N
A015350,부산가스,유틸리티,Y,N,N,N
A053210,스카이라이프,미디어 및 엔터,Y,N,N,N
A099190,아이센스,의료기기 및 용품,Y,N,N,N
A017960,한국카본,조선,Y,N,N,N
A222800,심텍,IT 장비 및 소재,Y,N,N,N
A268280,미원에스씨,IT 장비 및 소재,Y,N,N,N
A272290,이녹스첨단소재,IT 장비 및 소재,Y,N,N,N
A298050,효성첨단소재,화학,Y,N,N,N
A014830,유니드,화학,Y,N,N,N
A074600,원익QnC,반도체 관련장비 및 부품,Y,N,N,N
A006730,서부T&D,운송 및 물류,Y,N,N,N
A025770,한국정보통신,IT서비스,Y,N,N,N
A265520,AP시스템,디스플레이 장비 및 부품,Y,N,N,N
A122990,와이솔,IT 장비 및 소재,Y,N,N,N
A290510,코리아센터,유통,Y,N,N,N
A200710,에이디테크놀로지,반도체 관련장비 및 부품,Y,N,N,N
A005500,삼진제약,제약 및 바이오,Y,N,N,N
A237880,클리오,가정용품,Y,N,N,N
A096760,JW홀딩스,지주사,Y,Y,N,N
A272450,진에어,운송 및 물류,Y,N,N,N
A088800,에이스테크,통신,Y,N,N,N
A084110,휴온스글로벌,제약 및 바이오,Y,N,N,N
A002390,한독,제약 및 바이오,Y,N,N,N
A053580,웹케시,IT서비스,Y,N,N,N
A002240,고려제강,철강 및 비철강,Y,N,N,N
A214870,뉴지랩,전기 및 전자기기,Y,N,N,N
A030530,원익홀딩스,지주사,Y,Y,N,N
A068400,SK렌터카,레저산업,Y,N,N,N
A293480,하나제약,제약 및 바이오,Y,N,N,N
A066700,테라젠이텍스,제약 및 바이오,Y,N,N,N
A060980,한라홀딩스,지주사,Y,Y,N,N
A298000,효성화학,화학,Y,N,N,N
A122900,아이마켓코리아,유통,Y,N,N,N
A319660,피에스케이,반도체 관련장비 및 부품,Y,N,N,N
A123890,한국자산신탁,일반서비스,Y,N,N,N
A001200,유진투자증권,금융,Y,N,Y,N
A008730,율촌화학,종이 및 용기,Y,N,N,N
A166090,하나머티리얼즈,반도체 관련장비 및 부품,Y,N,N,N
A097780,에스맥,IT 장비 및 소재,Y,N,N,N
A253840,수젠텍,의료기기 및 용품,Y,N,N,N
A004430,송원산업,화학,Y,N,N,N
A228760,지노믹트리,의료기기 및 용품,Y,N,N,N
A072710,농심홀딩스,지주사,Y,Y,N,N
A300720,한일시멘트,건설 및 건축자재,Y,N,N,N
A017390,서울가스,유틸리티,Y,N,N,N
A140860,파크시스템스,의료기기 및 용품,Y,N,N,N
A100120,뷰웍스,의료기기 및 용품,Y,N,N,N
A004700,조광피혁,섬유 및 의류,Y,N,N,N
A148150,세경하이테크,IT 장비 및 소재,Y,N,N,N
A036810,에프에스티,반도체 관련장비 및 부품,Y,N,N,N
A002210,동성제약,제약 및 바이오,Y,N,N,N
A119860,다나와,유통,Y,N,N,N
A216080,제테마,의료기기 및 용품,Y,N,N,N
A037560,LG헬로비전,미디어 및 엔터,Y,N,N,N
A052020,에스티큐브,제약 및 바이오,Y,N,N,N
A001520,동양,건설 및 건축자재,Y,N,N,N
A034950,한국기업평가,일반서비스,Y,N,N,N
A089030,테크윙,반도체 관련장비 및 부품,Y,N,N,N
A002840,미원상사,화학,Y,N,N,N
A213500,한솔제지,종이 및 용기,Y,N,N,N
A000050,경방,섬유 및 의류,Y,N,N,N
A043150,바텍,의료기기 및 용품,Y,N,N,N
A249420,일동제약,제약 및 바이오,Y,N,N,N
A038290,마크로젠,의료기기 및 용품,Y,N,N,N
A002960,한국쉘석유,석유 및 가스,Y,N,N,N
A073490,이노와이어리스,통신,Y,N,N,N
A018290,브이티지엠피,기계,Y,N,N,N
A001880,삼호,건설 및 건축자재,Y,N,N,N
A060150,인선이엔티,일반서비스,Y,N,N,N
A138250,엔에스쇼핑,유통,Y,N,N,N
A041140,넥슨지티,미디어 및 엔터,Y,N,N,N
A226320,잇츠한불,가정용품,Y,N,N,N
A267260,현대일렉트릭,기계,Y,N,N,N
A293780,압타바이오,제약 및 바이오,Y,N,N,N
A046440,KG모빌리언스,IT서비스,Y,N,N,N
A023410,유진기업,건설 및 건축자재,Y,N,N,N
A017890,한국알콜,화학,Y,N,N,N
A228670,레이,의료기기 및 용품,Y,N,N,N
A013120,동원개발,건설 및 건축자재,Y,N,N,N
A136480,하림,식음료,Y,N,N,N
A034120,SBS,지주사,Y,Y,N,N
A131370,알서포트,IT서비스,Y,N,N,N
A104830,원익머트리얼즈,반도체 관련장비 및 부품,Y,N,N,N
A143160,아이디스,전기 및 전자기기,Y,N,N,N
A263720,디앤씨미디어,미디어 및 엔터,Y,N,N,N
A079430,현대리바트,가정용품,Y,N,N,N
A016800,퍼시스,가정용품,Y,N,N,N
A033270,유나이티드제약,제약 및 바이오,Y,N,N,N
A078590,OQP,자동차 및 관련부품,Y,N,N,N
A001510,SK증권,금융,Y,N,Y,N
A012610,경인양행,섬유 및 의류,Y,N,N,N
A003220,대원제약,제약 및 바이오,Y,N,N,N
A000480,조선내화,철강 및 비철강,Y,N,N,N
A321550,티움바이오,제약 및 바이오,Y,N,N,N
A086390,유니테스트,반도체 관련장비 및 부품,Y,N,N,N
A092730,네오팜,가정용품,Y,N,N,N
A322000,현대에너지솔루션,에너지,Y,N,N,N
A288330,브릿지바이오테라퓨틱스,제약 및 바이오,Y,N,N,N
A344820,케이씨씨글라스,건설 및 건축자재,Y,N,N,N
A060570,드림어스컴퍼니,가정용품,Y,N,N,N
A035810,이지홀딩스,식음료,Y,N,N,N
A234080,JW생명과학,제약 및 바이오,Y,N,N,N
A002780,진흥기업,건설 및 건축자재,Y,N,N,N
A051370,인터플렉스,IT 장비 및 소재,Y,N,N,N
A183300,코미코,반도체 관련장비 및 부품,Y,N,N,N
A308170,센트랄모텍,자동차 및 관련부품,Y,N,N,N
A002150,도화엔지니어링,건설 및 건축자재,Y,N,N,N
A002620,제일파마홀딩스,지주사,Y,Y,N,N
A226950,올릭스,제약 및 바이오,Y,N,N,N
A030520,한글과컴퓨터,IT서비스,Y,N,N,N
A222080,씨아이에스,IT 장비 및 소재,Y,N,N,N
A006840,AK홀딩스,지주사,Y,Y,N,N
A033500,동성화인텍,조선,Y,N,N,N
A078020,이베스트투자증권,금융,Y,N,Y,N
A234340,세틀뱅크,IT서비스,Y,N,N,N
A143240,사람인에이치알,IT서비스,Y,N,N,N
A065530,전파기지국,통신,Y,N,N,N
A002990,금호산업,건설 및 건축자재,Y,N,N,N
A084690,대상홀딩스,지주사,Y,Y,N,N
A119610,인터로조,의료기기 및 용품,Y,N,N,N
A058650,세아홀딩스,지주사,Y,Y,N,N
A087010,펩트론,제약 및 바이오,Y,N,N,N
A179900,유티아이,IT 장비 및 소재,Y,N,N,N
A003620,쌍용차,자동차 및 관련부품,Y,N,N,N
A109820,진매트릭스,제약 및 바이오,Y,N,N,N
A036930,주성엔지니어링,반도체 관련장비 및 부품,Y,N,N,N
A166480,코아스템,제약 및 바이오,Y,N,N,N
A195870,해성디에스,반도체 관련장비 및 부품,Y,N,N,N
A095720,웅진씽크빅,일반서비스,Y,N,N,N
A089600,나스미디어,미디어 및 엔터,Y,N,N,N
A050890,쏠리드,통신,Y,N,N,N
A003300,한일홀딩스,지주사,Y,Y,N,N
A111710,남화산업,레저산업,Y,N,N,N
A093320,케이아이엔엑스,IT서비스,Y,N,N,N
A236200,슈프리마,전기 및 전자기기,Y,N,N,N
A194700,노바렉스,제약 및 바이오,Y,N,N,N
A010170,대한광통신,전기 및 전자기기,Y,N,N,N
A256940,케이피에스,디스플레이 장비 및 부품,Y,N,N,N
A002310,아세아제지,종이 및 용기,Y,N,N,N
A152330,코리아오토글라스,자동차 및 관련부품,Y,N,N,N
A004690,삼천리,유틸리티,Y,N,N,N
A040910,아이씨디,디스플레이 장비 및 부품,Y,N,N,N
A036800,나이스정보통신,IT서비스,Y,N,N,N
A002100,경농,화학,Y,N,N,N
A039440,에스티아이,반도체 관련장비 및 부품,Y,N,N,N
A023900,풍국주정,식음료,Y,N,N,N
A047310,파워로직스,IT 장비 및 소재,Y,N,N,N
A029530,신도리코,전기 및 전자기기,Y,N,N,N
A001500,현대차증권,금융,Y,N,Y,N
A000370,한화손해보험,금융,Y,N,Y,N
A030610,교보증권,금융,Y,N,Y,N
A059090,미코,반도체 관련장비 및 부품,Y,N,N,N
A049950,미래컴퍼니,디스플레이 장비 및 부품,Y,N,N,N
A089970,에이피티씨,반도체 관련장비 및 부품,Y,N,N,N
A243840,신흥에스이씨,IT 장비 및 소재,Y,N,N,N
A007340,디티알오토모티브,자동차 및 관련부품,Y,N,N,N
A064550,바이오니아,제약 및 바이오,Y,N,N,N
A317330,덕산테코피아,반도체 관련장비 및 부품,Y,N,N,N
A220630,해마로푸드서비스,식음료,Y,N,N,N
A270870,뉴트리,식음료,Y,N,N,N
A011280,태림포장,종이 및 용기,Y,N,N,N
A089980,상아프론테크,IT 장비 및 소재,Y,N,N,N
A002810,삼영무역,가정용품,Y,N,N,N
A137400,피엔티,IT 장비 및 소재,Y,N,N,N
A015750,성우하이텍,자동차 및 관련부품,Y,N,N,N
A064260,다날,IT서비스,Y,N,N,N
A005390,신성통상,섬유 및 의류,Y,N,N,N
A208340,파멥신,제약 및 바이오,Y,N,N,N
A045970,코아시아,IT 장비 및 소재,Y,N,N,N
A155650,와이엠씨,디스플레이 장비 및 부품,Y,N,N,N
A016580,환인제약,제약 및 바이오,Y,N,N,N
A123420,선데이토즈,미디어 및 엔터,Y,N,N,N
A239610,에이치엘사이언스,제약 및 바이오,Y,N,N,N
A078520,에이블씨엔씨,가정용품,Y,N,N,N
A017940,E1,석유 및 가스,Y,N,N,N
A101060,SBS미디어홀딩스,지주사,Y,Y,N,N
A039560,다산네트웍스,통신,Y,N,N,N
A272550,삼양패키징,종이 및 용기,Y,N,N,N
A009680,모토닉,자동차 및 관련부품,Y,N,N,N
A036580,팜스코,식음료,Y,N,N,N
A084650,랩지노믹스,제약 및 바이오,Y,N,N,N
A029460,케이씨,반도체 관련장비 및 부품,Y,N,N,N
A004710,한솔테크닉스,IT 장비 및 소재,Y,N,N,N
A110790,크리스에프앤씨,섬유 및 의류,Y,N,N,N
A060280,큐렉소,의료기기 및 용품,Y,N,N,N
A041190,우리기술투자,금융,Y,N,Y,N
A004380,삼익THK,기계,Y,N,N,N
A080160,모두투어,레저산업,Y,N,N,N
A079980,휴비스,섬유 및 의류,Y,N,N,N
A300120,라온피플,IT 장비 및 소재,Y,N,N,N
A040350,큐로컴,IT서비스,Y,N,N,N
A131390,피앤이솔루션,IT 장비 및 소재,Y,N,N,N
A036530,S&T홀딩스,지주사,Y,Y,N,N
A092130,이크레더블,일반서비스,Y,N,N,N
A282880,코윈테크,기계,Y,N,N,N
A100130,동국S&C,에너지,Y,N,N,N
A014620,성광벤드,기계,Y,N,N,N
A001360,삼성제약,제약 및 바이오,Y,N,N,N
A011930,신성이엔지,에너지,Y,N,N,N
A183190,아세아시멘트,건설 및 건축자재,Y,N,N,N
A037070,파세코,가정용품,Y,N,N,N
A052710,아모텍,IT 장비 및 소재,Y,N,N,N
A041830,인바디,의료기기 및 용품,Y,N,N,N
A012690,모나리자,종이 및 용기,Y,N,N,N
A031440,신세계푸드,식음료,Y,N,N,N
A148140,비디아이,기계,Y,N,N,N
A086820,바이오솔루션,제약 및 바이오,Y,N,N,N
A102460,이연제약,제약 및 바이오,Y,N,N,N
A054780,키이스트,미디어 및 엔터,Y,N,N,N
A023160,태광,기계,Y,N,N,N
A035890,서희건설,건설 및 건축자재,Y,N,N,N
A005720,넥센,지주사,Y,Y,N,N
A207760,미스터블루,미디어 및 엔터,Y,N,N,N
A216050,인크로스,미디어 및 엔터,Y,N,N,N
A299660,셀리드,제약 및 바이오,Y,N,N,N
A232140,와이아이케이,반도체 관련장비 및 부품,Y,N,N,N
A025000,KPX케미칼,화학,Y,N,N,N
A095340,ISC,반도체 관련장비 및 부품,Y,N,N,N
A123690,한국화장품,가정용품,Y,N,N,N
A016590,신대양제지,종이 및 용기,Y,N,N,N
A900140,엘브이엠씨홀딩스,지주사,N,Y,N,N
A063570,한국전자금융,IT서비스,Y,N,N,N
A005420,코스모화학,IT 장비 및 소재,Y,N,N,N
A003070,코오롱글로벌,건설 및 건축자재,Y,N,N,N
A121800,비덴트,전기 및 전자기기,Y,N,N,N
A070960,용평리조트,레저산업,Y,N,N,N
A007810,코리아써키트,IT 장비 및 소재,Y,N,N,N
A007690,국도화학,화학,Y,N,N,N
A016250,이테크건설,건설 및 건축자재,Y,N,N,N
A002020,코오롱,지주사,Y,Y,N,N
A082800,루미마이크로,전기 및 전자기기,Y,N,N,N
A037710,광주신세계,유통,Y,N,N,N
A123860,아나패스,디스플레이 장비 및 부품,Y,N,N,N
A006490,인스코비,전기 및 전자기기,Y,N,N,N
A115960,연우,가정용품,Y,N,N,N
A131290,티에스이,반도체 관련장비 및 부품,Y,N,N,N
A001940,KISCO홀딩스,지주사,Y,Y,N,N
A244460,올리패스,가정용품,Y,N,N,N
A001130,대한제분,식음료,Y,N,N,N
A101530,해태제과식품,식음료,Y,N,N,N
A136490,선진,식음료,Y,N,N,N
A003560,IHQ,미디어 및 엔터,Y,N,N,N
A080420,모다이노칩,IT 장비 및 소재,Y,N,N,N
A051500,CJ프레시웨이,식음료,Y,N,N,N
A017180,명문제약,제약 및 바이오,Y,N,N,N
A161000,애경유화,화학,Y,N,N,N
A003120,일성신약,제약 및 바이오,Y,N,N,N
A011040,경동제약,제약 및 바이오,Y,N,N,N
A094280,효성ITX,IT서비스,Y,N,N,N
A003920,남양유업,식음료,Y,N,N,N
A009520,포스코엠텍,철강 및 비철강,Y,N,N,N
A229640,LS전선아시아,전기 및 전자기기,Y,N,N,N
A200670,휴메딕스,제약 및 바이오,Y,N,N,N
A005810,풍산홀딩스,지주사,Y,Y,N,N
A256630,포인트엔지니어링,반도체 관련장비 및 부품,Y,N,N,N
A251370,와이엠티,IT 장비 및 소재,Y,N,N,N
A125210,아모그린텍,IT 장비 및 소재,Y,N,N,N
A067290,JW신약,제약 및 바이오,Y,N,N,N
A054950,제이브이엠,의료기기 및 용품,Y,N,N,N
A003580,넥스트사이언스,건설 및 건축자재,Y,N,N,N
A068290,삼성출판사,미디어 및 엔터,Y,N,N,N
A035510,신세계 I&C,IT서비스,Y,N,N,N
A005960,동부건설,건설 및 건축자재,Y,N,N,N
A067080,대화제약,제약 및 바이오,Y,N,N,N
A031330,에스에이엠티,유통,Y,N,N,N
A153710,옵티팜,제약 및 바이오,Y,N,N,N
A015860,일진홀딩스,지주사,Y,Y,N,N
A104700,한국철강,철강 및 비철강,Y,N,N,N
A214260,라파스,가정용품,Y,N,N,N
A251970,펌텍코리아,종이 및 용기,Y,N,N,N
A225570,넷게임즈,미디어 및 엔터,Y,N,N,N
A049070,인탑스,IT 장비 및 소재,Y,N,N,N
A057500,SKC 솔믹스,반도체 관련장비 및 부품,Y,N,N,N
A067900,와이엔텍,일반서비스,Y,N,N,N
A161580,필옵틱스,디스플레이 장비 및 부품,Y,N,N,N
A000970,한국주철관,철강 및 비철강,Y,N,N,N
A025320,시노펙스,디스플레이 장비 및 부품,Y,N,N,N
A115180,큐리언트,제약 및 바이오,Y,N,N,N
A067990,도이치모터스,자동차 및 관련부품,Y,N,N,N
A074610,이엔플러스,기계,Y,N,N,N
A013030,하이록코리아,기계,Y,N,N,N
A006620,동구바이오제약,제약 및 바이오,Y,N,N,N
A255440,야스,디스플레이 장비 및 부품,Y,N,N,N
A042520,한스바이오메드,의료기기 및 용품,Y,N,N,N
A015360,예스코홀딩스,지주사,Y,Y,N,N
A123040,엠에스오토텍,자동차 및 관련부품,Y,N,N,N
A104480,티케이케미칼,섬유 및 의류,Y,N,N,N
A298690,에어부산,운송 및 물류,Y,N,N,N
A950110,SBI핀테크솔루션즈,IT서비스,Y,N,N,N
A054620,APS홀딩스,지주사,Y,Y,N,N
A011760,현대상사,일반서비스,Y,N,N,N
A175250,아이큐어,제약 및 바이오,Y,N,N,N
A001270,부국증권,금융,Y,N,Y,N
A058400,KNN,미디어 및 엔터,Y,N,N,N
A217730,강스템바이오텍,제약 및 바이오,Y,N,N,N
A302550,리메드,의료기기 및 용품,Y,N,N,N
A018120,진로발효,식음료,Y,N,N,N
A121440,골프존뉴딘홀딩스,지주사,Y,Y,N,N
A009580,무림P&P,종이 및 용기,Y,N,N,N
A016450,한세예스24홀딩스,지주사,Y,Y,N,N
A142280,녹십자엠에스,의료기기 및 용품,Y,N,N,N
A052400,코나아이,전기 및 전자기기,Y,N,N,N
A050110,캠시스,IT 장비 및 소재,Y,N,N,N
A007110,일신석재,건설 및 건축자재,Y,N,N,N
A091590,남화토건,건설 및 건축자재,Y,N,N,N
A238090,앤디포스,IT 장비 및 소재,Y,N,N,N
A248170,샘표식품,식음료,Y,N,N,N
A008060,대덕,IT 장비 및 소재,Y,N,N,N
A067170,오텍,기계,Y,N,N,N
A083550,케이엠,반도체 관련장비 및 부품,Y,N,N,N
A065950,웰크론,섬유 및 의류,Y,N,N,N
A228850,레이언스,의료기기 및 용품,Y,N,N,N
A004360,세방,운송 및 물류,Y,N,N,N
A036630,세종텔레콤,통신,Y,N,N,N
A036200,유니셈,반도체 관련장비 및 부품,Y,N,N,N
A083450,GST,반도체 관련장비 및 부품,Y,N,N,N
A089010,켐트로닉스,IT 장비 및 소재,Y,N,N,N
A039860,나노엔텍,의료기기 및 용품,Y,N,N,N
A053300,한국정보인증,IT서비스,Y,N,N,N
A043610,지니뮤직,미디어 및 엔터,Y,N,N,N
A000430,대원강업,자동차 및 관련부품,Y,N,N,N
A027050,코리아나,가정용품,Y,N,N,N
A045100,한양이엔지,반도체 관련장비 및 부품,Y,N,N,N
A214390,경보제약,제약 및 바이오,Y,N,N,N
A091810,티웨이항공,운송 및 물류,Y,N,N,N
A234690,녹십자웰빙,제약 및 바이오,Y,N,N,N
A079940,가비아,IT서비스,Y,N,N,N
A036030,KTH,유통,Y,N,N,N
A201490,미투온,미디어 및 엔터,Y,N,N,N
A065680,우주일렉트로,IT 장비 및 소재,Y,N,N,N
A206650,유바이오로직스,제약 및 바이오,Y,N,N,N
A078150,HB테크놀러지,디스플레이 장비 및 부품,Y,N,N,N
A214420,토니모리,가정용품,Y,N,N,N
A136540,윈스,IT서비스,Y,N,N,N
A032850,비트컴퓨터,의료기기 및 용품,Y,N,N,N
A067280,멀티캠퍼스,일반서비스,Y,N,N,N
A028100,동아지질,건설 및 건축자재,Y,N,N,N
A237820,플레이디,미디어 및 엔터,Y,N,N,N
A077500,유니퀘스트,반도체 관련장비 및 부품,Y,N,N,N
A950170,JTC,유통,N,N,N,N
A102260,동성코퍼레이션,지주사,Y,Y,N,N
A053980,오상자이엘,IT서비스,Y,N,N,N
A267850,아시아나IDT,IT서비스,Y,N,N,N
A290670,대보마그네틱,IT 장비 및 소재,Y,N,N,N
A263690,디알젬,의료기기 및 용품,Y,N,N,N
A203690,프로스테믹스,가정용품,Y,N,N,N
A071200,인피니트헬스케어,의료기기 및 용품,Y,N,N,N
A092230,KPX홀딩스,지주사,Y,Y,N,N
A034940,조아제약,제약 및 바이오,Y,N,N,N
A054050,농우바이오,식음료,Y,N,N,N
A086980,쇼박스,미디어 및 엔터,Y,N,N,N
A203650,드림시큐리티,IT서비스,Y,N,N,N
A067000,조이시티,미디어 및 엔터,Y,N,N,N
A311690,천랩,의료기기 및 용품,Y,N,N,N
A200780,비씨월드제약,제약 및 바이오,Y,N,N,N
A091090,세원셀론텍,제약 및 바이오,Y,N,N,N
A264450,유비쿼스,통신,Y,N,N,N
A004980,성신양회,건설 및 건축자재,Y,N,N,N
A106240,파인테크닉스,IT 장비 및 소재,Y,N,N,N
A091120,이엠텍,IT 장비 및 소재,Y,N,N,N
A225530,보광산업,건설 및 건축자재,Y,N,N,N
A306040,에스제이그룹,섬유 및 의류,Y,N,N,N
A001390,KG케미칼,화학,Y,N,N,N
A189300,인텔리안테크,통신,Y,N,N,N
A023910,대한약품,제약 및 바이오,Y,N,N,N
A045520,크린앤사이언스,자동차 및 관련부품,Y,N,N,N
A003570,S&T중공업,자동차 및 관련부품,Y,N,N,N
A072520,제넨바이오,IT 장비 및 소재,Y,N,N,N
A063080,게임빌,미디어 및 엔터,Y,N,N,N
A037950,엘컴텍,IT 장비 및 소재,Y,N,N,N
A044450,KSS해운,운송 및 물류,Y,N,N,N
A016710,대성홀딩스,지주사,Y,Y,N,N
A007540,샘표,식음료,Y,N,N,N
A033160,엠케이전자,반도체 관련장비 및 부품,Y,N,N,N
A215360,우리산업,자동차 및 관련부품,Y,N,N,N
A009190,대양금속,철강 및 비철강,Y,N,N,N
A084010,대한제강,철강 및 비철강,Y,N,N,N
A003350,한국화장품제조,가정용품,Y,N,N,N
A121600,나노신소재,디스플레이 장비 및 부품,Y,N,N,N
A214180,민앤지,IT서비스,Y,N,N,N
A077360,덕산하이메탈,반도체 관련장비 및 부품,Y,N,N,N
A009160,SIMPAC,기계,Y,N,N,N
A159580,제로투세븐,유아동산업,Y,N,N,N
A180400,캔서롭,의료기기 및 용품,Y,N,N,N
A086890,이수앱지스,제약 및 바이오,Y,N,N,N
A033920,무학,식음료,Y,N,N,N
A278650,노터스,제약 및 바이오,Y,N,N,N
A002030,아세아,지주사,Y,Y,N,N
A063160,종근당바이오,제약 및 바이오,Y,N,N,N
A226330,신테카바이오,제약 및 바이오,Y,N,N,N
A082740,HSD엔진,조선,Y,N,N,N
A144960,뉴파워프라즈마,반도체 관련장비 및 부품,Y,N,N,N
A019210,와이지-원,기계,Y,N,N,N
A027360,아주IB투자,금융,Y,N,Y,N
A131400,액트,IT 장비 및 소재,Y,N,N,N
A018000,유니슨,에너지,Y,N,N,N
A075580,세진중공업,조선,Y,N,N,N
A298040,효성중공업,건설 및 건축자재,Y,N,N,N
A007820,에스엠코어,기계,Y,N,N,N
A037460,삼지전자,통신,Y,N,N,N
A012700,리드코프,금융,Y,N,Y,N
A085370,루트로닉,의료기기 및 용품,Y,N,N,N
A002170,삼양통상,섬유 및 의류,Y,N,N,N
A031980,피에스케이홀딩스,지주사,Y,Y,N,N
A191420,테고사이언스,제약 및 바이오,Y,N,N,N
A302430,이노메트리,IT 장비 및 소재,Y,N,N,N
A072020,중앙백신,제약 및 바이오,Y,N,N,N
A067310,하나마이크론,반도체 관련장비 및 부품,Y,N,N,N
A036190,금화피에스시,유틸리티,Y,N,N,N
A099320,쎄트렉아이,기계,Y,N,N,N
A002700,신일전자,가정용품,Y,N,N,N
A109960,에이프로젠 H&G,미디어 및 엔터,Y,N,N,N
A044820,코스맥스비티아이,식음료,Y,N,N,N
A015590,큐로,기계,Y,N,N,N
A095570,AJ네트웍스,운송 및 물류,Y,N,N,N
A023760,한국캐피탈,금융,Y,N,Y,N
A005680,삼영전자,IT 장비 및 소재,Y,N,N,N
A289080,SV인베스트먼트,금융,Y,N,Y,N
A051160,지어소프트,IT서비스,Y,N,N,N
A176440,에이치엔티,IT 장비 및 소재,Y,N,N,N
A001790,대한제당,식음료,Y,N,N,N
A214430,아이쓰리시스템,기계,Y,N,N,N
A004970,신라교역,식음료,Y,N,N,N
A068930,디지털대성,일반서비스,Y,N,N,N
A035620,바른손이앤에이,미디어 및 엔터,Y,N,N,N
A004310,현대약품,제약 및 바이오,Y,N,N,N
A004960,한신공영,건설 및 건축자재,Y,N,N,N
A100790,미래에셋벤처투자,금융,Y,N,Y,N
A282690,동아타이어,자동차 및 관련부품,Y,N,N,N
A001530,DI동일,섬유 및 의류,Y,N,N,N
A130580,나이스디앤비,일반서비스,Y,N,N,N
A241790,오션브릿지,반도체 관련장비 및 부품,Y,N,N,N
A030210,KTB투자증권,금융,Y,N,Y,N
A100590,머큐리,통신,Y,N,N,N
A009270,신원,섬유 및 의류,Y,N,N,N
A077970,STX엔진,조선,Y,N,N,N
A044490,태웅,에너지,Y,N,N,N
A000540,흥국화재,금융,Y,N,Y,N
A016610,DB금융투자,금융,Y,N,Y,N
A122450,KMH,레저산업,Y,N,N,N
A048550,SM C&C,미디어 및 엔터,Y,N,N,N
A290720,푸드나무,식음료,Y,N,N,N
A102120,어보브반도체,반도체 관련장비 및 부품,Y,N,N,N
A108490,로보티즈,기계,Y,N,N,N
A060230,이그잭스,IT 장비 및 소재,Y,N,N,N
A073560,우리손에프앤지,식음료,Y,N,N,N
A061250,화일약품,제약 및 바이오,Y,N,N,N
A001250,GS글로벌,일반서비스,Y,N,N,N
A101140,비티원,섬유 및 의류,Y,N,N,N
A171120,라이온켐텍,건설 및 건축자재,Y,N,N,N
A317400,자이에스앤디,건설 및 건축자재,Y,N,N,N
A035150,백산,섬유 및 의류,Y,N,N,N
A053610,프로텍,반도체 관련장비 및 부품,Y,N,N,N
A060590,씨티씨바이오,제약 및 바이오,Y,N,N,N
A054670,대한뉴팜,제약 및 바이오,Y,N,N,N
A101160,월덱스,반도체 관련장비 및 부품,Y,N,N,N
A120030,조선선재,철강 및 비철강,Y,N,N,N
A306200,세아제강,철강 및 비철강,Y,N,N,N
A005950,이수화학,화학,Y,N,N,N
A030960,양지사,가정용품,Y,N,N,N
A013580,계룡건설,건설 및 건축자재,Y,N,N,N
A041920,메디아나,의료기기 및 용품,Y,N,N,N
A024950,삼천리자전거,레저산업,Y,N,N,N
A083660,CSA 코스믹,건설 및 건축자재,Y,N,N,N
A096240,청담러닝,일반서비스,Y,N,N,N
A049960,쎌바이오텍,제약 및 바이오,Y,N,N,N
A090360,로보스타,기계,Y,N,N,N
A001780,알루코,철강 및 비철강,Y,N,N,N
A027740,마니커,식음료,Y,N,N,N
A000680,LS네트웍스,섬유 및 의류,Y,N,N,N
A090350,노루페인트,건설 및 건축자재,Y,N,N,N
A299900,위지윅스튜디오,미디어 및 엔터,Y,N,N,N
A092070,디엔에프,반도체 관련장비 및 부품,Y,N,N,N
A008700,아남전자,가정용품,Y,N,N,N
A083310,엘오티베큠,반도체 관련장비 및 부품,Y,N,N,N
A052330,코텍,레저산업,Y,N,N,N
A001540,안국약품,제약 및 바이오,Y,N,N,N
A090850,이지웰,IT서비스,Y,N,N,N
A138690,엘아이에스,디스플레이 장비 및 부품,Y,N,N,N
A012030,DB,IT서비스,Y,N,N,N
A217270,넵튠,미디어 및 엔터,Y,N,N,N
A110990,디아이티,디스플레이 장비 및 부품,Y,N,N,N
A042370,비츠로테크,기계,Y,N,N,N
A011390,부산산업,건설 및 건축자재,Y,N,N,N
A007660,이수페타시스,IT 장비 및 소재,Y,N,N,N
A004840,DRB동일,자동차 및 관련부품,Y,N,N,N
A021050,서원,철강 및 비철강,Y,N,N,N
A061040,알에프텍,IT 장비 및 소재,Y,N,N,N
A036890,진성티이씨,기계,Y,N,N,N
A126700,하이비젼시스템,IT 장비 및 소재,Y,N,N,N
A142760,바이오리더스,제약 및 바이오,Y,N,N,N
A007160,사조산업,식음료,Y,N,N,N
A108790,인터파크,유통,Y,N,N,N
A014990,인디에프,섬유 및 의류,Y,N,N,N
A052420,오성첨단소재,디스플레이 장비 및 부품,Y,N,N,N
A151860,KG ETS,일반서비스,Y,N,N,N
A138490,코오롱플라스틱,자동차 및 관련부품,Y,N,N,N
A000700,유수홀딩스,지주사,Y,Y,N,N
A195990,에이비프로바이오,기계,Y,N,N,N
A014470,부방,가정용품,Y,N,N,N
A090470,제이스텍,디스플레이 장비 및 부품,Y,N,N,N
A039570,HDC아이콘트롤스,건설 및 건축자재,Y,N,N,N
A074430,아미노로직스,제약 및 바이오,Y,N,N,N
A102280,쌍방울,섬유 및 의류,Y,N,N,N
A027710,팜스토리,식음료,Y,N,N,N
A065130,탑엔지니어링,디스플레이 장비 및 부품,Y,N,N,N
A021320,KCC건설,건설 및 건축자재,Y,N,N,N
A138580,비즈니스온,IT서비스,Y,N,N,N
A160980,싸이맥스,반도체 관련장비 및 부품,Y,N,N,N
A004200,고려개발,건설 및 건축자재,Y,N,N,N
A015890,태경산업,철강 및 비철강,Y,N,N,N
A066310,큐에스아이,IT 장비 및 소재,Y,N,N,N
A053950,경남제약,제약 및 바이오,Y,N,N,N
A002450,삼익악기,레저산업,Y,N,N,N
A057030,YBM넷,일반서비스,Y,N,N,N
A122310,제노레이,의료기기 및 용품,Y,N,N,N
A049180,셀루메드,의료기기 및 용품,Y,N,N,N
A001570,금양,화학,Y,N,N,N
A005090,삼광글라스,종이 및 용기,Y,N,N,N
A041460,한국전자인증,IT서비스,Y,N,N,N
A004540,깨끗한나라,종이 및 용기,Y,N,N,N
A065650,메디프론,제약 및 바이오,Y,N,N,N
A095190,이엠코리아,기계,Y,N,N,N
A047820,초록뱀,미디어 및 엔터,Y,N,N,N
A003960,사조대림,식음료,Y,N,N,N
A003030,세아제강지주,지주사,Y,Y,N,N
A109740,디에스케이,디스플레이 장비 및 부품,Y,N,N,N
A047400,유니온머티리얼,자동차 및 관련부품,Y,N,N,N
A241820,피씨엘,의료기기 및 용품,Y,N,N,N
A003200,일신방직,섬유 및 의류,Y,N,N,N
A088290,이원컴포텍,자동차 및 관련부품,Y,N,N,N
A033240,자화전자,IT 장비 및 소재,Y,N,N,N
A060900,케이알피앤이,석유 및 가스,Y,N,N,N
A206560,덱스터,미디어 및 엔터,Y,N,N,N
A000390,삼화페인트,건설 및 건축자재,Y,N,N,N
A143210,핸즈코퍼레이션,자동차 및 관련부품,Y,N,N,N
A004060,SG세계물산,섬유 및 의류,Y,N,N,N
A158430,아톤,IT서비스,Y,N,N,N
A014970,삼륭물산,종이 및 용기,Y,N,N,N
A005160,동국산업,철강 및 비철강,Y,N,N,N
A065170,넥스트BT,식음료,Y,N,N,N
A223250,드림씨아이에스,제약 및 바이오,Y,N,N,N
A118990,모트렉스,자동차 및 관련부품,Y,N,N,N
A100700,세운메디칼,의료기기 및 용품,Y,N,N,N
A054800,아이디스홀딩스,지주사,Y,Y,N,N
A046210,파나진,의료기기 및 용품,Y,N,N,N
A089470,HDC현대EP,자동차 및 관련부품,Y,N,N,N
A043370,평화정공,자동차 및 관련부품,Y,N,N,N
A058110,멕아이씨에스,의료기기 및 용품,Y,N,N,N
A042510,라온시큐어,IT서비스,Y,N,N,N
A011150,CJ씨푸드,식음료,Y,N,N,N
A260930,씨티케이코스메틱스,가정용품,Y,N,N,N
A043220,에이치엘비파워,석유 및 가스,Y,N,N,N
A009460,한창제지,종이 및 용기,Y,N,N,N
A128820,대성산업,석유 및 가스,Y,N,N,N
A312610,에이에프더블류,IT 장비 및 소재,Y,N,N,N
A187420,제노포커스,제약 및 바이오,Y,N,N,N
A094480,갤럭시아컴즈,IT서비스,Y,N,N,N
A260660,알리코제약,제약 및 바이오,Y,N,N,N
A099220,SDN,에너지,Y,N,N,N
A131030,디에이치피코리아,제약 및 바이오,Y,N,N,N
A100250,진양홀딩스,지주사,Y,Y,N,N
A000320,노루홀딩스,지주사,Y,Y,N,N
A005740,크라운해태홀딩스,지주사,Y,Y,N,N
A064240,홈캐스트,가정용품,Y,N,N,N
A004150,한솔홀딩스,지주사,Y,Y,N,N
A002900,동양물산,기계,Y,N,N,N
A072870,메가스터디,일반서비스,Y,N,N,N
A004890,동일산업,철강 및 비철강,Y,N,N,N
A096630,에스코넥,IT 장비 및 소재,Y,N,N,N
A222040,코스맥스엔비티,식음료,Y,N,N,N
A117580,대성에너지,유틸리티,Y,N,N,N
A007210,벽산,건설 및 건축자재,Y,N,N,N
A064290,인텍플러스,반도체 관련장비 및 부품,Y,N,N,N
A004650,창해에탄올,식음료,Y,N,N,N
A067390,아스트,기계,Y,N,N,N
A004250,NPC,종이 및 용기,Y,N,N,N
A001460,BYC,섬유 및 의류,Y,N,N,N
A002460,화성산업,건설 및 건축자재,Y,N,N,N
A011320,유니크,자동차 및 관련부품,Y,N,N,N
A008970,동양철관,철강 및 비철강,Y,N,N,N
A093230,이아이디,석유 및 가스,Y,N,N,N
A042420,네오위즈홀딩스,지주사,Y,Y,N,N
A014570,고려제약,제약 및 바이오,Y,N,N,N
A011810,STX,일반서비스,Y,N,N,N
A065060,지엔코,섬유 및 의류,Y,N,N,N
A950130,엑세스바이오,의료기기 및 용품,N,N,N,N
A058610,에스피지,기계,Y,N,N,N
A263700,케어랩스,의료기기 및 용품,Y,N,N,N
A100090,삼강엠앤티,조선,Y,N,N,N
A086040,바이오톡스텍,제약 및 바이오,Y,N,N,N
A008040,사조동아원,식음료,Y,N,N,N
A002720,국제약품,제약 및 바이오,Y,N,N,N
A241690,유니테크노,자동차 및 관련부품,Y,N,N,N
A041910,에스텍파마,제약 및 바이오,Y,N,N,N
A007720,대명소노시즌,전기 및 전자기기,Y,N,N,N
A138610,나이벡,의료기기 및 용품,Y,N,N,N
A082210,옵트론텍,IT 장비 및 소재,Y,N,N,N
A024090,디씨엠,철강 및 비철강,Y,N,N,N
A001340,백광산업,화학,Y,N,N,N
A145210,세화아이엠씨,자동차 및 관련부품,Y,N,N,N
A078000,텔코웨어,통신,Y,N,N,N
A290380,대유,화학,Y,N,N,N
A005430,한국공항,운송 및 물류,Y,N,N,N
A083930,아바코,디스플레이 장비 및 부품,Y,N,N,N
A068790,DMS,디스플레이 장비 및 부품,Y,N,N,N
A241710,코스메카코리아,가정용품,Y,N,N,N
A148250,알엔투테크놀로지,IT 장비 및 소재,Y,N,N,N
A009470,삼화전기,IT 장비 및 소재,Y,N,N,N
A093920,서원인텍,IT 장비 및 소재,Y,N,N,N
A000520,삼일제약,제약 및 바이오,Y,N,N,N
A038880,아이에이,자동차 및 관련부품,Y,N,N,N
A004560,현대비앤지스틸,철강 및 비철강,Y,N,N,N
A068940,아이씨케이,전기 및 전자기기,Y,N,N,N
A039340,한국경제TV,미디어 및 엔터,Y,N,N,N
A204630,화이브라더스코리아,미디어 및 엔터,Y,N,N,N
A023600,삼보판지,종이 및 용기,Y,N,N,N
A263600,덕우전자,IT 장비 및 소재,Y,N,N,N
A003460,유화증권,금융,Y,N,Y,N
A006380,카프로,섬유 및 의류,Y,N,N,N
A139670,키네마스터,IT서비스,Y,N,N,N
A014790,한라,건설 및 건축자재,Y,N,N,N
A080000,에스엔유,디스플레이 장비 및 부품,Y,N,N,N
A239340,줌인터넷,IT서비스,Y,N,N,N
A137950,제이씨케미칼,석유 및 가스,Y,N,N,N
A024810,이화전기,기계,Y,N,N,N
A033340,좋은사람들,섬유 및 의류,Y,N,N,N
A198080,엔피디,IT 장비 및 소재,Y,N,N,N
A000490,대동공업,기계,Y,N,N,N
A160550,NEW,미디어 및 엔터,Y,N,N,N
A005990,매일홀딩스,지주사,Y,Y,N,N
A014160,대영포장,종이 및 용기,Y,N,N,N
A100840,S&TC,기계,Y,N,N,N
A036120,SCI평가정보,일반서비스,Y,N,N,N
A046140,SBS콘텐츠허브,미디어 및 엔터,Y,N,N,N
A288620,에스퓨얼셀,IT 장비 및 소재,Y,N,N,N
A060240,룽투코리아,미디어 및 엔터,Y,N,N,N
A307930,컴퍼니케이,금융,Y,N,Y,N
A052670,제일바이오,제약 및 바이오,Y,N,N,N
A144620,코오롱머티리얼,섬유 및 의류,Y,N,N,N
A072470,우리산업홀딩스,지주사,Y,Y,N,N
A038390,레드캡투어,레저산업,Y,N,N,N
A179290,엠아이텍,의료기기 및 용품,Y,N,N,N
A003160,디아이,반도체 관련장비 및 부품,Y,N,N,N
A289010,아이스크림에듀,일반서비스,Y,N,N,N
A002760,보락,식음료,Y,N,N,N
A051360,토비스,레저산업,Y,N,N,N
A048870,시너지이노베이션,자동차 및 관련부품,Y,N,N,N
A241770,메카로,반도체 관련장비 및 부품,Y,N,N,N
A004770,써니전자,IT 장비 및 소재,Y,N,N,N
A020710,시공테크,미디어 및 엔터,Y,N,N,N
A060310,3S,반도체 관련장비 및 부품,Y,N,N,N
A046940,우원개발,건설 및 건축자재,Y,N,N,N
A163560,동일고무벨트,자동차 및 관련부품,Y,N,N,N
A322510,제이엘케이,의료기기 및 용품,Y,N,N,N
A012800,대창,철강 및 비철강,Y,N,N,N
A200470,에이팩트,반도체 관련장비 및 부품,Y,N,N,N
A149950,아바텍,디스플레이 장비 및 부품,Y,N,N,N
A281740,레이크머티리얼즈,화학,Y,N,N,N
A001260,남광토건,건설 및 건축자재,Y,N,N,N
A124500,아이티센,IT서비스,Y,N,N,N
A066620,국보디자인,건설 및 건축자재,Y,N,N,N
A009320,대우부품,자동차 및 관련부품,Y,N,N,N
A007330,푸른저축은행,금융,Y,N,Y,N
A126880,제이엔케이히터,기계,Y,N,N,N
A018310,삼목에스폼,건설 및 건축자재,Y,N,N,N
A264900,크라운제과,식음료 ,Y,N,N,N
A205100,엑셈,IT서비스,Y,N,N,N
A024060,흥구석유,석유 및 가스,Y,N,N,N
A099750,이지케어텍,의료기기 및 용품,Y,N,N,N
A036670,KCI,화학,Y,N,N,N
A023770,플레이위드,미디어 및 엔터,Y,N,N,N
A190510,나무가,IT 장비 및 소재,Y,N,N,N
A001290,상상인증권,금융,Y,N,Y,N
A001070,대한방직,섬유 및 의류,Y,N,N,N
A033530,세종공업,자동차 및 관련부품,Y,N,N,N
A003830,대한화섬,섬유 및 의류,Y,N,N,N
A002800,신신제약,제약 및 바이오,Y,N,N,N
A054450,텔레칩스,반도체 관련장비 및 부품,Y,N,N,N
A007980,태평양물산,섬유 및 의류,Y,N,N,N
A016670,포비스티앤씨,IT서비스,Y,N,N,N
A016600,큐캐피탈,금융,Y,N,Y,N
A079370,제우스,반도체 관련장비 및 부품,Y,N,N,N
A251630,브이원텍,디스플레이 장비 및 부품,Y,N,N,N
A091580,상신이디피,IT 장비 및 소재,Y,N,N,N
A214270,퓨쳐스트림네트웍스,미디어 및 엔터,Y,N,N,N
A198440,고려시멘트,건설 및 건축자재,Y,N,N,N
A034810,해성산업,일반서비스,Y,N,N,N
A108380,대양전기공업,조선,Y,N,N,N
A071460,위니아딤채,가정용품,Y,N,N,N
A095270,웨이브일렉트로,통신,Y,N,N,N
A010960,삼호개발,건설 및 건축자재,Y,N,N,N
A900290,GRT,디스플레이 장비 및 부품,N,N,N,N
A210540,디와이파워,기계,Y,N,N,N
A013990,아가방컴퍼니,유아동산업,Y,N,N,N
A014530,극동유화,석유 및 가스,Y,N,N,N
A195500,마니커에프앤지,식음료,Y,N,N,N
A005710,대원산업,자동차 및 관련부품,Y,N,N,N
A256840,한국비엔씨,의료기기 및 용품,Y,N,N,N
A017900,광전자,IT 장비 및 소재,Y,N,N,N
A227950,마이크로텍,반도체 관련장비 및 부품,Y,N,N,N
A238490,힘스,디스플레이 장비 및 부품,Y,N,N,N
A208640,썸에이지,미디어 및 엔터,Y,N,N,N
A004270,남성,전기 및 전자기기,Y,N,N,N
A026150,특수건설,건설 및 건축자재,Y,N,N,N
A900250,크리스탈신소재,화학,N,N,N,N
A217480,에스디생명공학,가정용품,Y,N,N,N
A187870,디바이스이엔지,디스플레이 장비 및 부품,Y,N,N,N
A079960,동양이엔피,IT 장비 및 소재,Y,N,N,N
A182360,큐브엔터,미디어 및 엔터,Y,N,N,N
A013570,디와이,기계,Y,N,N,N
A065450,빅텍,기계,Y,N,N,N
A034590,인천도시가스,유틸리티,Y,N,N,N
A066980,브레인콘텐츠,IT 장비 및 소재,Y,N,N,N
A033320,제이씨현시스템,전기 및 전자기기,Y,N,N,N
A000890,보해양조,식음료,Y,N,N,N
A006220,제주은행,금융,Y,N,Y,N
A038680,에스넷,IT서비스,Y,N,N,N
A122640,예스티,디스플레이 장비 및 부품,Y,N,N,N
A008290,원풍물산,섬유 및 의류,Y,N,N,N
A134380,미원화학,화학,Y,N,N,N
A141000,비아트론,디스플레이 장비 및 부품,Y,N,N,N
A242040,나무기술,IT서비스,Y,N,N,N
A130660,한전산업,유틸리티,Y,N,N,N
A036560,영풍정밀,기계,Y,N,N,N
A005320,국동,섬유 및 의류,Y,N,N,N
A318010,팜스빌,제약 및 바이오,Y,N,N,N
A007860,서연,자동차 및 관련부품,Y,N,N,N
A038340,UCI,가정용품,Y,N,N,N
A073640,삼원테크,기계,Y,N,N,N
A211270,AP위성,통신,Y,N,N,N
A035080,인터파크홀딩스,지주사,Y,Y,N,N
A007680,대원,건설 및 건축자재,Y,N,N,N
A033560,블루콤,IT 장비 및 소재,Y,N,N,N
A267290,경동도시가스,유틸리티,Y,N,N,N
A111870,삼본전자,가정용품,Y,N,N,N
A089140,넥스턴,기계,Y,N,N,N
A104460,디와이피엔에프,기계,Y,N,N,N
A012160,영흥,철강 및 비철강,Y,N,N,N
A004870,티웨이홀딩스,지주사,Y,Y,N,N
A011370,서한,건설 및 건축자재,Y,N,N,N
A006980,우성사료,식음료,Y,N,N,N
A087260,모바일어플라이언스,자동차 및 관련부품,Y,N,N,N
A039830,오로라,유아동산업,Y,N,N,N
A205470,휴마시스,의료기기 및 용품,Y,N,N,N
A306620,네온테크,반도체 관련장비 및 부품,Y,N,N,N
A035610,솔본,지주사,Y,Y,N,N
A015710,코콤,건설 및 건축자재,Y,N,N,N
A011330,유니켐,섬유 및 의류,Y,N,N,N
A014580,태경비케이,철강 및 비철강,Y,N,N,N
A103590,일진전기,전기 및 전자기기,Y,N,N,N
A194370,제이에스코퍼레이션,섬유 및 의류,Y,N,N,N
A090740,아이엠이연이,디스플레이 장비 및 부품,Y,N,N,N
A049480,오픈베이스,IT서비스,Y,N,N,N
A089890,코세스,반도체 관련장비 및 부품,Y,N,N,N
A037270,YG PLUS,가정용품,Y,N,N,N
A137940,넥스트아이,디스플레이 장비 및 부품,Y,N,N,N
A086960,한컴MDS,IT서비스,Y,N,N,N
A204620,글로벌텍스프리,레저산업,Y,N,N,N
A019550,SBI인베스트먼트,금융,Y,N,Y,N
A065150,MP그룹,식음료,Y,N,N,N
A013520,화승알앤에이,자동차 및 관련부품,Y,N,N,N
A214330,금호에이치티,자동차 및 관련부품,Y,N,N,N
A000180,성창기업지주,지주사,Y,Y,N,N
A052790,액토즈소프트,미디어 및 엔터,Y,N,N,N
A001840,이화공영,건설 및 건축자재,Y,N,N,N
A045660,에이텍,가정용품,Y,N,N,N
A002360,SH에너지화학,화학,Y,N,N,N
A285490,노바텍,IT 장비 및 소재,Y,N,N,N
A065710,서호전기,운송 및 물류,Y,N,N,N
A002070,남영비비안,섬유 및 의류,Y,N,N,N
A094940,푸른기술,전기 및 전자기기,Y,N,N,N
A215100,로보로보,일반서비스,Y,N,N,N
A043340,에쎈테크,기계,Y,N,N,N
A259630,엠플러스,IT 장비 및 소재,Y,N,N,N
A066590,우수AMS,자동차 및 관련부품,Y,N,N,N
A138360,에이씨티,가정용품,Y,N,N,N
A000860,강남제비스코,건설 및 건축자재,Y,N,N,N
A068330,일신바이오,의료기기 및 용품,Y,N,N,N
A120240,대정화금,화학,Y,N,N,N
A050760,에스폴리텍,IT 장비 및 소재,Y,N,N,N
A115440,우리넷,통신,Y,N,N,N
A020120,키다리스튜디오,IT서비스,Y,N,N,N
A010820,퍼스텍,기계,Y,N,N,N
A069920,아이에스이커머스,유통,Y,N,N,N
A206400,엔터메이트,미디어 및 엔터,Y,N,N,N
A299910,베스파,미디어 및 엔터,Y,N,N,N
A001470,삼부토건,건설 및 건축자재,Y,N,N,N
A263770,유에스티,철강 및 비철강,Y,N,N,N
A067830,세이브존I&C,유통,Y,N,N,N
A080720,한국유니온제약,제약 및 바이오,Y,N,N,N
A114450,KPX생명과학,제약 및 바이오,Y,N,N,N
A000230,일동홀딩스,지주사,Y,Y,N,N
A107590,미원홀딩스,지주사,Y,Y,N,N
A003650,미창석유,석유 및 가스,Y,N,N,N
A069110,코스온,가정용품,Y,N,N,N
A017550,수산중공업,기계,Y,N,N,N
A023450,동남합성,화학,Y,N,N,N
A118000,우리들휴브레인,의료기기 및 용품,Y,N,N,N
A056360,코위버,통신,Y,N,N,N
A303030,지니틱스,반도체 관련장비 및 부품,Y,N,N,N
A156100,엘앤케이바이오,의료기기 및 용품,Y,N,N,N
A003480,한진중공업홀딩스,지주사,Y,Y,N,N
A200880,서연이화,자동차 및 관련부품,Y,N,N,N
A016790,현대사료,식음료,Y,N,N,N
A078140,대봉엘에스,가정용품,Y,N,N,N
A014200,광림,기계,Y,N,N,N
A073570,WI,반도체 관련장비 및 부품,Y,N,N,N
A003100,선광,운송 및 물류,Y,N,N,N
A225190,삼양옵틱스,IT 장비 및 소재,Y,N,N,N
A002140,고려산업,식음료,Y,N,N,N
A064820,케이프,조선,Y,N,N,N
A290740,액트로,IT 장비 및 소재,Y,N,N,N
A053590,한국테크놀로지,기계,Y,N,N,N
A194480,데브시스터즈,미디어 및 엔터,Y,N,N,N
A069540,라이트론,통신,Y,N,N,N
A950140,잉글우드랩,가정용품,N,N,N,N
A092220,KEC,반도체 관련장비 및 부품,Y,N,N,N
A225330,씨엠에스에듀,일반서비스,Y,N,N,N
A257370,명성티엔에스,IT 장비 및 소재,Y,N,N,N
A043200,파루,에너지,Y,N,N,N
A226360,이엑스티,건설 및 건축자재,Y,N,N,N
A069510,에스텍,전기 및 전자기기,Y,N,N,N
A080220,제주반도체,반도체 관련장비 및 부품,Y,N,N,N
A088910,동우팜투테이블,식음료,Y,N,N,N
A022220,정산애강,건설 및 건축자재,Y,N,N,N
A246710,티앤알바이오팹,제약 및 바이오,Y,N,N,N
A033540,파라텍,기계,Y,N,N,N
A060560,홈센타홀딩스,지주사,Y,Y,N,N
A252500,세화피앤씨,가정용품,Y,N,N,N
A054210,이랜텍,IT 장비 및 소재,Y,N,N,N
A040420,정상제이엘에스,일반서비스,Y,N,N,N
A100220,비상교육,일반서비스,Y,N,N,N
A005360,모나미,가정용품,Y,N,N,N
A253590,네오셈,반도체 관련장비 및 부품,Y,N,N,N
A073110,엘엠에스,디스플레이 장비 및 부품,Y,N,N,N
A012200,계양전기,기계,Y,N,N,N
A056080,유진로봇,가정용품,Y,N,N,N
A013310,아진산업,자동차 및 관련부품,Y,N,N,N
A016880,웅진,IT서비스,Y,N,N,N
A109610,에스와이,건설 및 건축자재,Y,N,N,N
A047770,코데즈컴바인,섬유 및 의류,Y,N,N,N
A062970,피피아이,통신,Y,N,N,N
A185490,아이진,제약 및 바이오,Y,N,N,N
A033100,제룡전기,기계,Y,N,N,N
A018700,바른손,미디어 및 엔터,Y,N,N,N
A060370,KT서브마린,건설 및 건축자재,Y,N,N,N
A094170,동운아나텍,IT 장비 및 소재,Y,N,N,N
A036260,이매진아시아,미디어 및 엔터,Y,N,N,N
A019440,세아특수강,철강 및 비철강,Y,N,N,N
A038460,바이오스마트,IT서비스,Y,N,N,N
A267790,배럴,섬유 및 의류,Y,N,N,N
A297090,씨에스베어링,기계,Y,N,N,N
A227840,현대코퍼레이션홀딩스,지주사,Y,Y,N,N
A010600,웰바이오텍,섬유 및 의류,Y,N,N,N
A094360,칩스앤미디어,반도체 관련장비 및 부품,Y,N,N,N
A045060,오공,화학,Y,N,N,N
A031820,콤텍시스템,IT서비스,Y,N,N,N
A094860,코닉글로리,IT서비스,Y,N,N,N
A081150,티플랙스,철강 및 비철강,Y,N,N,N
A093190,빅솔론,전기 및 전자기기,Y,N,N,N
A025620,제이준코스메틱,가정용품,Y,N,N,N
A057540,옴니시스템,유틸리티,Y,N,N,N
A078890,가온미디어,가정용품,Y,N,N,N
A117670,알파홀딩스,지주사,Y,Y,N,N
A001750,한양증권,금융,Y,N,Y,N
A290550,디케이티,IT 장비 및 소재,Y,N,N,N
A133750,메가엠디,일반서비스,Y,N,N,N
A017040,광명전기,기계,Y,N,N,N
A092440,기신정기,기계,Y,N,N,N
A058430,포스코강판,철강 및 비철강,Y,N,N,N
A053350,이니텍,IT서비스,Y,N,N,N
A049520,유아이엘,IT 장비 및 소재,Y,N,N,N
A008600,윌비스,섬유 및 의류,Y,N,N,N
A004720,우리들제약,제약 및 바이오,Y,N,N,N
A005190,동성화학,섬유 및 의류,Y,N,N,N
A044960,이글벳,제약 및 바이오,Y,N,N,N
A009300,삼아제약,제약 및 바이오,Y,N,N,N
A226340,본느,가정용품,Y,N,N,N
A002600,조흥,식음료,Y,N,N,N
A009440,KC그린홀딩스,지주사,Y,Y,N,N
A006050,국영지앤엠,건설 및 건축자재,Y,N,N,N
A005110,한창,유통,Y,N,N,N
A034300,신세계건설,건설 및 건축자재,Y,N,N,N
A043910,자연과환경,일반서비스,Y,N,N,N
A192250,케이사인,IT서비스,Y,N,N,N
A009200,무림페이퍼,종이 및 용기,Y,N,N,N
A274090,켄코아에어로스페이스,기계,Y,N,N,N
A066130,하츠,건설 및 건축자재,Y,N,N,N
A038060,루멘스,전기 및 전자기기,Y,N,N,N
A171010,램테크놀러지,반도체 관련장비 및 부품,Y,N,N,N
A085310,엔케이,조선,Y,N,N,N
A053280,예스24,유통,Y,N,N,N
A054920,한컴위드,IT서비스,Y,N,N,N
A023000,삼원강재,자동차 및 관련부품,Y,N,N,N
A010040,한국내화,철강 및 비철강,Y,N,N,N
A000910,유니온,건설 및 건축자재,Y,N,N,N
A064800,젬백스링크,IT서비스,Y,N,N,N
A053690,한미글로벌,건설 및 건축자재,Y,N,N,N
A032560,황금에스티,철강 및 비철강,Y,N,N,N
A263800,데이타솔루션,IT서비스,Y,N,N,N
A238200,비피도,제약 및 바이오,Y,N,N,N
A014280,금강공업,건설 및 건축자재,Y,N,N,N
A305090,마이크로디지탈,의료기기 및 용품,Y,N,N,N
A043090,큐브앤컴퍼니,제약 및 바이오,Y,N,N,N
A101330,모베이스,IT 장비 및 소재,Y,N,N,N
A065510,휴비츠,의료기기 및 용품,Y,N,N,N
A010100,한국프랜지,자동차 및 관련부품,Y,N,N,N
A170790,파이오링크,통신,Y,N,N,N
A052860,아이앤씨,기계,Y,N,N,N
A083640,인콘,전기 및 전자기기,Y,N,N,N
A020760,일진디스플,디스플레이 장비 및 부품,Y,N,N,N
A002300,한국제지,종이 및 용기,Y,N,N,N
A001550,조비,화학,Y,N,N,N
A114810,아이원스,IT 장비 및 소재,Y,N,N,N
A055490,테이팩스,화학,Y,N,N,N
A222420,쎄노텍,화학,Y,N,N,N
A900310,컬러레이,지주사,N,Y,N,N
A182690,테라셈,IT 장비 및 소재,Y,N,N,N
A051490,나라엠앤디,기계,Y,N,N,N
A065560,녹원씨엔아이,IT서비스,Y,N,N,N
A004080,신흥,의료기기 및 용품,Y,N,N,N
A026940,부국철강,철강 및 비철강,Y,N,N,N
A193250,와이제이엠게임즈,IT 장비 및 소재,Y,N,N,N
A013870,지엠비코리아,자동차 및 관련부품,Y,N,N,N
A173940,에프엔씨엔터,미디어 및 엔터,Y,N,N,N
A115160,휴맥스,가정용품,Y,N,N,N
A083420,그린케미칼,화학,Y,N,N,N
A012280,영화금속,자동차 및 관련부품,Y,N,N,N
A079190,EMW,IT 장비 및 소재,Y,N,N,N
A092870,엑시콘,반도체 관련장비 및 부품,Y,N,N,N
A056700,신화인터텍,디스플레이 장비 및 부품,Y,N,N,N
A042940,상지카일룸,건설 및 건축자재,Y,N,N,N
A035000,지투알,지주사,Y,Y,N,N
A004450,삼화왕관,종이 및 용기,Y,N,N,N
A012790,신일제약,제약 및 바이오,Y,N,N,N
A005870,휴니드,기계,Y,N,N,N
A038070,서린바이오,제약 및 바이오,Y,N,N,N
A033230,인성정보,의료기기 및 용품,Y,N,N,N
A256150,한독크린텍,가정용품,Y,N,N,N
A002230,피에스텍,전기 및 전자기기,Y,N,N,N
A007590,동방아그로,화학,Y,N,N,N
A010660,화천기계,기계,Y,N,N,N
A033830,티비씨,미디어 및 엔터,Y,N,N,N
A016090,대현,섬유 및 의류,Y,N,N,N
A003080,성보화학,화학,Y,N,N,N
A220260,켐트로스,IT 장비 및 소재,Y,N,N,N
A021080,에이티넘인베스트,금융,Y,N,Y,N
A008250,이건산업,건설 및 건축자재,Y,N,N,N
A046070,코다코,자동차 및 관련부품,Y,N,N,N
A040160,누리텔레콤,유틸리티,Y,N,N,N
A123010,아이에이네트웍스,반도체 관련장비 및 부품,Y,N,N,N
A006910,보성파워텍,기계,Y,N,N,N
A025440,대성엘텍,자동차 및 관련부품,Y,N,N,N
A071280,로체시스템즈,디스플레이 장비 및 부품,Y,N,N,N
A032820,우리기술,기계,Y,N,N,N
A025750,한솔홈데코,건설 및 건축자재,Y,N,N,N
A058730,다스코,건설 및 건축자재,Y,N,N,N
A111110,호전실업,섬유 및 의류,Y,N,N,N
A119650,KC코트렐,기계,Y,N,N,N
A016740,두올,자동차 및 관련부품,Y,N,N,N
A217600,켐온,제약 및 바이오,Y,N,N,N
A134790,시디즈,가정용품,Y,N,N,N
A000650,천일고속,운송 및 물류,Y,N,N,N
A041930,동아화성,자동차 및 관련부품,Y,N,N,N
A215380,우정바이오,제약 및 바이오,Y,N,N,N
A214680,디알텍,의료기기 및 용품,Y,N,N,N
A058630,엠게임,미디어 및 엔터,Y,N,N,N
A063440,SM Life Design,유통,Y,N,N,N
A170030,현대공업,자동차 및 관련부품,Y,N,N,N
A308100,까스텔바작,섬유 및 의류,Y,N,N,N
A058850,KTcs,IT서비스,Y,N,N,N
A255220,SG,건설 및 건축자재,Y,N,N,N
A048910,대원미디어,유아동산업,Y,N,N,N
A900340,윙입푸드,식음료,N,N,N,N
A033310,디케이디앤아이,종이 및 용기,Y,N,N,N
A294630,서남,에너지,Y,N,N,N
A053620,태양,종이 및 용기,Y,N,N,N
A038870,에코바이오,유틸리티,Y,N,N,N
A108860,셀바스AI,IT서비스,Y,N,N,N
A094850,참좋은여행,레저산업,Y,N,N,N
A031860,엔에스엔,레저산업,Y,N,N,N
A049720,고려신용정보,일반서비스,Y,N,N,N
A071670,에이테크솔루션,기계,Y,N,N,N
A140070,서플러스글로벌,반도체 관련장비 및 부품,Y,N,N,N
A042040,케이피엠테크,IT 장비 및 소재,Y,N,N,N
A101240,씨큐브,화학,Y,N,N,N
A102210,해덕파워웨이,조선,Y,N,N,N
A006090,사조오양,식음료,Y,N,N,N
A005800,신영와코루,섬유 및 의류,Y,N,N,N
A021820,세원정공,자동차 및 관련부품,Y,N,N,N
A000220,유유제약,제약 및 바이오,Y,N,N,N
A008800,행남사,가정용품,Y,N,N,N
A142210,유니트론텍,반도체 관련장비 및 부품,Y,N,N,N
A009310,참엔지니어링,디스플레이 장비 및 부품,Y,N,N,N
A123570,이엠넷,미디어 및 엔터,Y,N,N,N
A006580,대양제지,종이 및 용기,Y,N,N,N
A001140,국보,운송 및 물류,Y,N,N,N
A002200,한국수출포장,종이 및 용기,Y,N,N,N
A119850,지엔씨에너지,유틸리티,Y,N,N,N
A091340,S&K폴리텍,IT 장비 및 소재,Y,N,N,N
A004440,대림씨엔에스,건설 및 건축자재,Y,N,N,N
A140670,알에스오토메이션,기계,Y,N,N,N
A112240,에스에프씨,에너지,Y,N,N,N
A010690,화신,자동차 및 관련부품,Y,N,N,N
A063170,서울옥션,유통,Y,N,N,N
A044380,주연테크,가정용품,Y,N,N,N
A078860,아이오케이,IT서비스,Y,N,N,N
A009780,엠에스씨,식음료,Y,N,N,N
A131090,시큐브,IT서비스,Y,N,N,N
A040300,YTN,미디어 및 엔터,Y,N,N,N
A104540,코렌텍,의료기기 및 용품,Y,N,N,N
A032680,소프트센,IT서비스,Y,N,N,N
A002410,범양건영,건설 및 건축자재,Y,N,N,N
A065620,제낙스,철강 및 비철강,Y,N,N,N
A005860,한일사료,식음료,Y,N,N,N
A027830,대성창투,금융,Y,N,Y,N
A037330,인지디스플레,디스플레이 장비 및 부품,Y,N,N,N
A057680,옴니텔,유통,Y,N,N,N
A004910,조광페인트,건설 및 건축자재,Y,N,N,N
A050120,라이브플렉스,레저산업,Y,N,N,N
A030790,비케이탑스,IT서비스,Y,N,N,N
A015230,대창단조,기계,Y,N,N,N
A096350,대창솔루션,조선,Y,N,N,N
A051380,피씨디렉트,유통,Y,N,N,N
A002880,대유에이텍,자동차 및 관련부품,Y,N,N,N
A088130,동아엘텍,디스플레이 장비 및 부품,Y,N,N,N
A123410,코리아에프티,자동차 및 관련부품,Y,N,N,N
A124560,태웅로직스,운송 및 물류,Y,N,N,N
A092460,한라IMS,조선,Y,N,N,N
A012860,모베이스전자,자동차 및 관련부품,Y,N,N,N
A250060,모비스,IT서비스,Y,N,N,N
A047920,메디포럼제약,제약 및 바이오,Y,N,N,N
A048430,유라테크,자동차 및 관련부품,Y,N,N,N
A072990,에이치시티,전기 및 전자기기,Y,N,N,N
A064510,에코마이스터,기계,Y,N,N,N
A042500,링네트,IT서비스,Y,N,N,N
A109860,동일금속,기계,Y,N,N,N
A033130,디지틀조선,미디어 및 엔터,Y,N,N,N
A131760,파인텍,디스플레이 장비 및 부품,Y,N,N,N
A196490,디에이테크놀로지,IT 장비 및 소재,Y,N,N,N
A083500,에프엔에스테크,디스플레이 장비 및 부품,Y,N,N,N
A084670,동양고속,운송 및 물류,Y,N,N,N
A006340,대원전선,전기 및 전자기기,Y,N,N,N
A089230,THE E&M,철강 및 비철강,Y,N,N,N
A317120,라닉스,통신,Y,N,N,N
A084730,팅크웨어,자동차 및 관련부품,Y,N,N,N
A006740,영풍제지,종이 및 용기,Y,N,N,N
A241840,에이스토리,미디어 및 엔터,Y,N,N,N
A003610,방림,섬유 및 의류,Y,N,N,N
A065350,신성델타테크,IT 장비 및 소재,Y,N,N,N
A133820,화인베스틸,조선,Y,N,N,N
A004140,동방,운송 및 물류,Y,N,N,N
A170920,엘티씨,디스플레이 장비 및 부품,Y,N,N,N
A217820,엔에스,IT 장비 및 소재,Y,N,N,N
A069460,대호에이엘,철강 및 비철강,Y,N,N,N
A106190,하이텍팜,제약 및 바이오,Y,N,N,N
A119830,아이텍,반도체 관련장비 및 부품,Y,N,N,N
A215790,이노인스트루먼트,통신,Y,N,N,N
A267320,나인테크,반도체 관련장비 및 부품,Y,N,N,N
A300080,플리토,IT서비스,Y,N,N,N
A000300,대유플러스,자동차 및 관련부품,Y,N,N,N
A219420,링크제니시스,IT서비스,Y,N,N,N
A067570,엔브이에이치코리아,자동차 및 관련부품,Y,N,N,N
A006890,태경케미컬,화학,Y,N,N,N
A290120,대유에이피,자동차 및 관련부품,Y,N,N,N
A024120,KB오토시스,자동차 및 관련부품,Y,N,N,N
A234100,세원,자동차 및 관련부품,Y,N,N,N
A174880,장원테크,IT 장비 및 소재,Y,N,N,N
A066360,체리부로,식음료,Y,N,N,N
A090080,평화산업,자동차 및 관련부품,Y,N,N,N
A046120,오르비텍,기계,Y,N,N,N
A007370,진양제약,제약 및 바이오,Y,N,N,N
A900100,뉴프라이드,자동차 및 관련부품,N,N,N,N
A094820,일진파워,기계,Y,N,N,N
A104620,노랑풍선,레저산업,Y,N,N,N
A064520,바른전자,반도체 관련장비 및 부품,Y,N,N,N
A104200,NHN벅스,미디어 및 엔터,Y,N,N,N
A032790,엠젠플러스,전기 및 전자기기,Y,N,N,N
A024890,대원화성,섬유 및 의류,Y,N,N,N
A017650,대림제지,종이 및 용기,Y,N,N,N
A221610,자안,IT 장비 및 소재,Y,N,N,N
A025550,한국선재,철강 및 비철강,Y,N,N,N
A018680,서울제약,제약 및 바이오,Y,N,N,N
A000500,가온전선,전기 및 전자기기,Y,N,N,N
A044480,경남바이오파마,가정용품,Y,N,N,N
A134780,화진,자동차 및 관련부품,Y,N,N,N
A019010,베뉴지,유통,Y,N,N,N
A009070,KCTC,운송 및 물류,Y,N,N,N
A011090,에넥스,가정용품,Y,N,N,N
A069410,엔텔스,통신,Y,N,N,N
A005750,대림B&Co,건설 및 건축자재,Y,N,N,N
A079810,디이엔티,디스플레이 장비 및 부품,Y,N,N,N
A047080,한빛소프트,미디어 및 엔터,Y,N,N,N
A105840,우진,기계,Y,N,N,N
A221840,하이즈항공,기계,Y,N,N,N
A043650,국순당,식음료,Y,N,N,N
A071970,STX중공업,기계,Y,N,N,N
A225430,케이엠제약,가정용품,Y,N,N,N
A004780,대륙제관,종이 및 용기,Y,N,N,N
A049430,코메론,기계,Y,N,N,N
A003010,혜인,기계,Y,N,N,N
A264660,씨앤지하이테크,반도체 관련장비 및 부품,Y,N,N,N
A002630,오리엔트바이오,제약 및 바이오,Y,N,N,N
A058860,KTis,통신,Y,N,N,N
A187220,디티앤씨,전기 및 전자기기,Y,N,N,N
A090370,메타랩스,섬유 및 의류,Y,N,N,N
A053700,삼보모터스,자동차 및 관련부품,Y,N,N,N
A196450,디오스텍,IT 장비 및 소재,Y,N,N,N
A038530,골드퍼시픽,통신,Y,N,N,N
A322180,티라유텍,IT서비스,Y,N,N,N
A090710,휴림로봇,기계,Y,N,N,N
A086670,비엠티,기계,Y,N,N,N
A024880,케이피에프,자동차 및 관련부품,Y,N,N,N
A000850,화천기공,기계,Y,N,N,N
A208860,엔지스테크널러지,IT서비스,Y,N,N,N
A011500,한농화성,화학,Y,N,N,N
A065940,바이오빌,화학,Y,N,N,N
A186230,그린플러스,철강 및 비철강,Y,N,N,N
A033200,모아텍,전기 및 전자기기,Y,N,N,N
A095910,에스에너지,에너지,Y,N,N,N
A101000,상상인인더스트리,조선,Y,N,N,N
A126600,코프라,자동차 및 관련부품,Y,N,N,N
A016100,리더스코스메틱,가정용품,Y,N,N,N
A011690,유양디앤유,IT 장비 및 소재,Y,N,N,N
A065370,위세아이텍,IT서비스,Y,N,N,N
A054090,삼진엘앤디,디스플레이 장비 및 부품,Y,N,N,N
A033170,시그네틱스,반도체 관련장비 및 부품,Y,N,N,N
A222110,팬젠,제약 및 바이오,Y,N,N,N
A230980,솔트웍스,IT서비스,Y,N,N,N
A189980,흥국에프엔비,식음료,Y,N,N,N
A073010,케이에스피,조선,Y,N,N,N
A100660,서암기계공업,기계,Y,N,N,N
A041440,에버다임,기계,Y,N,N,N
A032980,바이온,화학,Y,N,N,N
A220180,핸디소프트,IT서비스,Y,N,N,N
A092200,디아이씨,자동차 및 관련부품,Y,N,N,N
A122350,삼기오토모티브,자동차 및 관련부품,Y,N,N,N
A250930,예선테크,반도체 관련장비 및 부품,Y,N,N,N
A073070,에스모,자동차 및 관련부품,Y,N,N,N
A014710,사조씨푸드,식음료,Y,N,N,N
A155660,DSR,철강 및 비철강,Y,N,N,N
A000590,CS홀딩스,지주사,Y,Y,N,N
A044060,조광ILI,기계,Y,N,N,N
A066670,디스플레이텍,IT 장비 및 소재,Y,N,N,N
A327260,메탈라이프,통신,Y,N,N,N
A222980,한국맥널티,식음료,Y,N,N,N
A004590,한국가구,가정용품,Y,N,N,N
A025560,미래산업,반도체 관련장비 및 부품,Y,N,N,N
A000040,KR모터스,자동차 및 관련부품,Y,N,N,N
A052460,아이크래프트,통신,Y,N,N,N
A002920,유성기업,자동차 및 관련부품,Y,N,N,N
A127120,디엔에이링크,의료기기 및 용품,Y,N,N,N
A031310,아이즈비전,통신,Y,N,N,N
A017510,세명전기,기계,Y,N,N,N
A009770,삼정펄프,종이 및 용기,Y,N,N,N
A234300,에스트래픽,IT서비스,Y,N,N,N
A149980,하이로닉,의료기기 및 용품,Y,N,N,N
A088390,이녹스,IT 장비 및 소재,Y,N,N,N
A089790,제이티,반도체 관련장비 및 부품,Y,N,N,N
A105740,디케이락,기계,Y,N,N,N
A217330,싸이토젠,제약 및 바이오,Y,N,N,N
A075180,새론오토모티브,자동차 및 관련부품,Y,N,N,N
A217500,러셀,반도체 관련장비 및 부품,Y,N,N,N
A056730,포스링크,IT서비스,Y,N,N,N
A037030,파워넷,IT 장비 및 소재,Y,N,N,N
A218150,미래생명자원,식음료,Y,N,N,N
A019660,글로본,금융,Y,N,Y,N
A131100,스카이이앤엠,IT 장비 및 소재,Y,N,N,N
A006140,피제이전자,의료기기 및 용품,Y,N,N,N
A097800,윈팩,반도체 관련장비 및 부품,Y,N,N,N
A900300,오가닉티코스메틱,가정용품,N,N,N,N
A039610,화성밸브,기계,Y,N,N,N
A018620,우진비앤지,제약 및 바이오,Y,N,N,N
A047560,이스트소프트,IT서비스,Y,N,N,N
A036000,예림당,운송 및 물류,Y,N,N,N
A053450,세코닉스,IT 장비 및 소재,Y,N,N,N
A220100,퓨쳐켐,제약 및 바이오,Y,N,N,N
A277070,린드먼아시아,금융,Y,N,Y,N
A052300,W홀딩컴퍼니,운송 및 물류,Y,N,N,N
A099410,동방선기,조선,Y,N,N,N
A037760,쎄니트,미디어 및 엔터,Y,N,N,N
A024800,유성티엔에스,철강 및 비철강,Y,N,N,N
A051780,큐로홀딩스,식음료,Y,N,N,N
A032800,판타지오,미디어 및 엔터,Y,N,N,N
A224060,코디엠,반도체 관련장비 및 부품,Y,N,N,N
A013810,스페코,기계,Y,N,N,N
A036170,라이브파이낸셜,전기 및 전자기기,Y,N,N,N
A095500,미래나노텍,디스플레이 장비 및 부품,Y,N,N,N
A012320,경동인베스트,유틸리티,Y,N,N,N
A045510,정원엔시스,IT서비스,Y,N,N,N
A900270,헝셩그룹,유아동산업,N,N,N,N
A046390,삼화네트웍스,미디어 및 엔터,Y,N,N,N
A017370,우신시스템,자동차 및 관련부품,Y,N,N,N
A036640,HRS,화학,Y,N,N,N
A090410,덕신하우징,건설 및 건축자재,Y,N,N,N
A265560,영화테크,자동차 및 관련부품,Y,N,N,N
A004090,한국석유,건설 및 건축자재,Y,N,N,N
A049630,재영솔루텍,IT 장비 및 소재,Y,N,N,N
A001560,제일연마,철강 및 비철강,Y,N,N,N
A006570,대림통상,건설 및 건축자재,Y,N,N,N
A004830,덕성,섬유 및 의류,Y,N,N,N
A246690,TS인베스트먼트,금융,Y,N,Y,N
A072770,율호,IT서비스,Y,N,N,N
A171090,선익시스템,디스플레이 장비 및 부품,Y,N,N,N
A042110,에스씨디,가정용품,Y,N,N,N
A066900,디에이피,IT 장비 및 소재,Y,N,N,N
A032940,원익,의료기기 및 용품,Y,N,N,N
A049080,기가레인,IT 장비 및 소재,Y,N,N,N
A205500,액션스퀘어,미디어 및 엔터,Y,N,N,N
A900260,로스웰,자동차 및 관련부품,N,N,N,N
A013700,까뮤이앤씨,건설 및 건축자재,Y,N,N,N
A126870,뉴로스,기계,Y,N,N,N
A027970,세하,종이 및 용기,Y,N,N,N
A045890,GV,전기 및 전자기기,Y,N,N,N
A103840,우양,식음료,Y,N,N,N
A039020,이건홀딩스,지주사,Y,Y,N,N
A099440,스맥,기계,Y,N,N,N
A263920,블러썸엠앤씨,가정용품,Y,N,N,N
A036710,심텍홀딩스,IT 장비 및 소재,Y,N,N,N
A023800,인지컨트롤스,자동차 및 관련부품,Y,N,N,N
A014940,오리엔탈정공,조선,Y,N,N,N
A258610,이더블유케이,기계,Y,N,N,N
A011560,세보엠이씨,건설 및 건축자재,Y,N,N,N
A037230,한국팩키지,종이 및 용기,Y,N,N,N
A066410,버킷스튜디오,미디어 및 엔터,Y,N,N,N
A083650,비에이치아이,기계,Y,N,N,N
A080010,이상네트웍스,유통,Y,N,N,N
A059210,메타바이오메드,의료기기 및 용품,Y,N,N,N
A177830,파버나인,철강 및 비철강,Y,N,N,N
A143540,영우디에스피,디스플레이 장비 및 부품,Y,N,N,N
A010280,쌍용정보통신,IT서비스,Y,N,N,N
A311390,네오크레마,식음료,Y,N,N,N
A027040,서울전자통신,IT 장비 및 소재,Y,N,N,N
A036010,아비코전자,IT 장비 및 소재,Y,N,N,N
A078940,코드네이처,건설 및 건축자재,Y,N,N,N
A041590,젬백스지오,디스플레이 장비 및 부품,Y,N,N,N
A096040,이트론,전기 및 전자기기,Y,N,N,N
A001380,SG충방,자동차 및 관련부품,Y,N,N,N
A189690,포시에스,IT서비스,Y,N,N,N
A008260,NI스틸,철강 및 비철강,Y,N,N,N
A033250,체시스,자동차 및 관련부품,Y,N,N,N
A053260,금강철강,철강 및 비철강,Y,N,N,N
A069730,DSR제강,철강 및 비철강,Y,N,N,N
A001080,만호제강,철강 및 비철강,Y,N,N,N
A041020,인프라웨어,IT서비스,Y,N,N,N
A159910,스킨앤스킨,디스플레이 장비 및 부품,Y,N,N,N
A037370,EG,반도체 관련장비 및 부품,Y,N,N,N
A078350,한양디지텍,반도체 관련장비 및 부품,Y,N,N,N
A019590,엠벤처투자,금융,Y,N,Y,N
A039010,현대통신,건설 및 건축자재,Y,N,N,N
A115310,인포바인,IT서비스,Y,N,N,N
A111820,지와이커머스,유통,Y,N,N,N
A039290,인포뱅크,IT서비스,Y,N,N,N
A097870,효성오앤비,화학,Y,N,N,N
A057880,필로시스헬스케어,가정용품,Y,N,N,N
A021040,대호피앤씨,철강 및 비철강,Y,N,N,N
A048470,대동스틸,철강 및 비철강,Y,N,N,N
A008420,문배철강,철강 및 비철강,Y,N,N,N
A014190,원익큐브,화학,Y,N,N,N
A115500,케이씨에스,IT서비스,Y,N,N,N
A023150,MH에탄올,식음료,Y,N,N,N
A014130,한익스프레스,운송 및 물류,Y,N,N,N
A093520,매커스,반도체 관련장비 및 부품,Y,N,N,N
A115480,씨유메디칼,의료기기 및 용품,Y,N,N,N
A318000,한국바이오젠,화학,Y,N,N,N
A150840,인트로메딕,의료기기 및 용품,Y,N,N,N
A043290,케이맥,디스플레이 장비 및 부품,Y,N,N,N
A036090,위지트,디스플레이 장비 및 부품,Y,N,N,N
A037350,성도이엔지,반도체 관련장비 및 부품,Y,N,N,N
A100030,모바일리더,IT서비스,Y,N,N,N
A023460,CNH,금융,Y,N,Y,N
A219750,지티지웰니스,의료기기 및 용품,Y,N,N,N
A241520,DSC인베스트먼트,금융,Y,N,Y,N
A106520,디지탈옵틱,IT 장비 및 소재,Y,N,N,N
A204020,그리티,섬유 및 의류,Y,N,N,N
A250000,보라티알,식음료,Y,N,N,N
A208370,셀바스헬스케어,의료기기 및 용품,Y,N,N,N
A052900,KMH하이텍,반도체 관련장비 및 부품,Y,N,N,N
A039420,케이엘넷,IT서비스,Y,N,N,N
A017480,삼현철강,철강 및 비철강,Y,N,N,N
A049830,승일,종이 및 용기,Y,N,N,N
A238120,로고스바이오,의료기기 및 용품,Y,N,N,N
A079970,투비소프트,IT서비스,Y,N,N,N
A004410,서울식품,식음료,Y,N,N,N
A036480,대성미생물,제약 및 바이오,Y,N,N,N
A013360,일성건설,건설 및 건축자재,Y,N,N,N
A050860,아세아텍,기계,Y,N,N,N
A041650,상신브레이크,자동차 및 관련부품,Y,N,N,N
A013000,세우글로벌,유통,Y,N,N,N
A039310,세중,레저산업,Y,N,N,N
A000440,중앙에너비스,석유 및 가스,Y,N,N,N
A039980,리노스,섬유 및 의류,Y,N,N,N
A005670,푸드웰,식음료,Y,N,N,N
A014440,영보화학,건설 및 건축자재,Y,N,N,N
A272110,케이엔제이,반도체 관련장비 및 부품,Y,N,N,N
A062860,티엘아이,디스플레이 장비 및 부품,Y,N,N,N
A041520,이라이콤,IT 장비 및 소재,Y,N,N,N
A008870,금비,종이 및 용기,Y,N,N,N
A080530,코디,디스플레이 장비 및 부품,Y,N,N,N
A015540,쎌마테라퓨틱스,유통,Y,N,N,N
A023440,제일제강,철강 및 비철강,Y,N,N,N
A068050,팬엔터테인먼트,미디어 및 엔터,Y,N,N,N
A264850,이랜시스,IT 장비 및 소재,Y,N,N,N
A290270,휴네시온,IT서비스,Y,N,N,N
A032750,삼진,가정용품,Y,N,N,N
A246960,이노테라피,의료기기 및 용품,Y,N,N,N
A094840,슈프리마에이치큐,전기 및 전자기기,Y,N,N,N
A217620,디딤,식음료,Y,N,N,N
A073540,에프알텍,통신,Y,N,N,N
A036690,코맥스,건설 및 건축자재,Y,N,N,N
A009810,엔케이물산,종이 및 용기,Y,N,N,N
A039670,한류타임즈,미디어 및 엔터,Y,N,N,N
A067920,이글루시큐리티,IT서비스,Y,N,N,N
A092600,앤씨앤,반도체 관련장비 및 부품,Y,N,N,N
A005010,휴스틸,철강 및 비철강,Y,N,N,N
A317870,엔바이오니아,가정용품,Y,N,N,N
A046110,한일네트웍스,IT서비스,Y,N,N,N
A078650,코렌,IT 장비 및 소재,Y,N,N,N
A293580,나우IB,금융,Y,N,Y,N
A234920,자이글,가정용품,Y,N,N,N
A010400,우진아이엔에스,기계,Y,N,N,N
A076610,해성옵틱스,IT 장비 및 소재,Y,N,N,N
A227610,아우딘퓨쳐스,가정용품,Y,N,N,N
A012340,뉴인텍,IT 장비 및 소재,Y,N,N,N
A037440,희림,건설 및 건축자재,Y,N,N,N
A066910,손오공,유아동산업,Y,N,N,N
A053110,소리바다,미디어 및 엔터,Y,N,N,N
A136510,쎄미시스코,디스플레이 장비 및 부품,Y,N,N,N
A049550,잉크테크,전기 및 전자기기,Y,N,N,N
A038950,파인디지털,자동차 및 관련부품,Y,N,N,N
A027580,상보,디스플레이 장비 및 부품,Y,N,N,N
A147760,마이크로프랜드,반도체 관련장비 및 부품,Y,N,N,N
A092780,동양피스톤,자동차 및 관련부품,Y,N,N,N
A313760,윌링스,에너지,Y,N,N,N
A006660,삼성공조,자동차 및 관련부품,Y,N,N,N
A006370,대구백화점,유통,Y,N,N,N
A089150,케이씨티,IT서비스,Y,N,N,N
A258830,세종메디칼,의료기기 및 용품,Y,N,N,N
A010240,흥국,기계,Y,N,N,N
A105550,트루윈,자동차 및 관련부품,Y,N,N,N
A101730,조이맥스,미디어 및 엔터,Y,N,N,N
A065570,삼영이엔씨,조선,Y,N,N,N
A286750,나노브릭,IT서비스,Y,N,N,N
A080520,오디텍,반도체 관련장비 및 부품,Y,N,N,N
A290660,네오펙트,의료기기 및 용품,Y,N,N,N
A019180,티에이치엔,자동차 및 관련부품,Y,N,N,N
A053290,NE능률,일반서비스,Y,N,N,N
A079650,서산,건설 및 건축자재,Y,N,N,N
A024830,세원물산,자동차 및 관련부품,Y,N,N,N
A019540,일지테크,자동차 및 관련부품,Y,N,N,N
A168330,내츄럴엔도텍,제약 및 바이오,Y,N,N,N
A317830,에스피시스템스,기계,Y,N,N,N
A101400,엔시트론,IT 장비 및 소재,Y,N,N,N
A046970,우리로,통신,Y,N,N,N
A224110,에이텍티앤,전기 및 전자기기,Y,N,N,N
A080470,성창오토텍,자동차 및 관련부품,Y,N,N,N
A052220,iMBC,미디어 및 엔터,Y,N,N,N
A082850,우리바이오,전기 및 전자기기,Y,N,N,N
A129260,인터지스,운송 및 물류,Y,N,N,N
A117730,티로보틱스,기계,Y,N,N,N
A128660,피제이메탈,철강 및 비철강,Y,N,N,N
A089530,에이티세미콘,반도체 관련장비 및 부품,Y,N,N,N
A215480,토박스코리아,섬유 및 의류,Y,N,N,N
A900280,골든센츄리,기계,N,N,N,N
A010470,오리콤,미디어 및 엔터,Y,N,N,N
A153490,우리이앤엘,디스플레이 장비 및 부품,Y,N,N,N
A025820,이구산업,철강 및 비철강,Y,N,N,N
A213090,미래테크놀로지,IT서비스,Y,N,N,N
A089850,유비벨록스,전기 및 전자기기,Y,N,N,N
A094970,제이엠티,디스플레이 장비 및 부품,Y,N,N,N
A226440,한송네오텍,디스플레이 장비 및 부품,Y,N,N,N
A054540,삼영엠텍,기계,Y,N,N,N
A054930,유신,건설 및 건축자재,Y,N,N,N
A007610,선도전기,전기 및 전자기기,Y,N,N,N
A024740,한일단조,자동차 및 관련부품,Y,N,N,N
A317770,슈프리마아이디,IT 장비 및 소재,Y,N,N,N
A115530,씨엔플러스,IT 장비 및 소재,Y,N,N,N
A086060,진바이오텍,제약 및 바이오,Y,N,N,N
A007120,미래아이앤지,IT서비스,Y,N,N,N
A228340,동양파일,건설 및 건축자재,Y,N,N,N
A032580,피델릭스,반도체 관련장비 및 부품,Y,N,N,N
A147830,제룡산업,기계,Y,N,N,N
A036620,버추얼텍,종이 및 용기,Y,N,N,N
A270520,지엔원에너지,에너지,Y,N,N,N
A246720,아스타,의료기기 및 용품,Y,N,N,N
A040610,SG&G,자동차 및 관련부품,Y,N,N,N
A014100,메디앙스,유아동산업,Y,N,N,N
A006920,모헨즈,건설 및 건축자재,Y,N,N,N
A006880,신송홀딩스,지주사,Y,Y,N,N
A011700,한신기계,기계,Y,N,N,N
A091970,나노캠텍,디스플레이 장비 및 부품,Y,N,N,N
A208710,바이오로그디바이스,IT 장비 및 소재,Y,N,N,N
A277410,인산가,식음료 ,Y,N,N,N
A106080,하이소닉,IT 장비 및 소재,Y,N,N,N
A003310,대주산업,식음료,Y,N,N,N
A105330,케이엔더블유,자동차 및 관련부품,Y,N,N,N
A070590,한솔인티큐브,IT서비스,Y,N,N,N
A060540,에스에이티,통신,Y,N,N,N
A007280,한국특수형강,철강 및 비철강,Y,N,N,N
A001020,페이퍼코리아,종이 및 용기,Y,N,N,N
A104040,대성파인텍,자동차 및 관련부품,Y,N,N,N
A002820,선창산업,건설 및 건축자재,Y,N,N,N
A002710,TCC스틸,종이 및 용기,Y,N,N,N
A008370,원풍,화학,Y,N,N,N
A208140,정다운,식음료,Y,N,N,N
A007630,폴루스바이오팜,통신,Y,N,N,N
A059120,아진엑스텍,기계,Y,N,N,N
A054940,엑사이엔씨,반도체 관련장비 및 부품,Y,N,N,N
A221980,케이디켐,화학,Y,N,N,N
A123750,알톤스포츠,레저산업,Y,N,N,N
A317850,대모,기계,Y,N,N,N
A033050,제이엠아이,디스플레이 장비 및 부품,Y,N,N,N
A002870,신풍제지,종이 및 용기,Y,N,N,N
A154030,아시아종묘,식음료,Y,N,N,N
A020180,대신정보통신,IT서비스,Y,N,N,N
A031510,오스템,자동차 및 관련부품,Y,N,N,N
A050090,휘닉스소재,IT 장비 및 소재,Y,N,N,N
A046310,백금T&A,자동차 및 관련부품,Y,N,N,N
A010770,평화홀딩스,지주사,Y,Y,N,N
A063760,이엘피,디스플레이 장비 및 부품,Y,N,N,N
A263860,지니언스,IT서비스,Y,N,N,N
A072130,유엔젤,IT서비스,Y,N,N,N
A131180,딜리,전기 및 전자기기,Y,N,N,N
A131220,대한과학,의료기기 및 용품,Y,N,N,N
A001000,신라섬유,섬유 및 의류,Y,N,N,N
A001810,무림SP,종이 및 용기,Y,N,N,N
A008110,대동전자,IT 장비 및 소재,Y,N,N,N
A049120,파인디앤씨,디스플레이 장비 및 부품,Y,N,N,N
A208350,지란지교시큐리티,IT서비스,Y,N,N,N
A096690,에이루트,전기 및 전자기기,Y,N,N,N
A065770,CS,통신,Y,N,N,N
A043710,서울리거,미디어 및 엔터,Y,N,N,N
A023350,한국종합기술,건설 및 건축자재,Y,N,N,N
A258790,소프트캠프,IT서비스,Y,N,N,N
A196300,애니젠,제약 및 바이오,Y,N,N,N
A115570,스타플렉스,미디어 및 엔터,Y,N,N,N
A003780,진양산업,화학,Y,N,N,N
A006110,삼아알미늄,철강 및 비철강,Y,N,N,N
A092300,현우산업,IT 장비 및 소재,Y,N,N,N
A048770,TPC,전기 및 전자기기,Y,N,N,N
A263810,상신전자,IT 장비 및 소재,Y,N,N,N
A178780,유테크,IT 장비 및 소재,Y,N,N,N
A004100,태양금속,자동차 및 관련부품,Y,N,N,N
A026040,제이에스티나,섬유 및 의류,Y,N,N,N
A003720,삼영화학,종이 및 용기,Y,N,N,N
A024840,KBI메탈,전기 및 전자기기,Y,N,N,N
A114190,강원,기계,Y,N,N,N
A075970,동국알앤에스,철강 및 비철강,Y,N,N,N
A054300,팬스타엔터프라이즈,기계,Y,N,N,N
A067010,이씨에스,IT서비스,Y,N,N,N
A025950,동신건설,건설 및 건축자재,Y,N,N,N
A109080,옵티시스,통신,Y,N,N,N
A190650,코리아에셋투자증권,금융,Y,N,Y,N
A075130,플랜티넷,IT서비스,Y,N,N,N
A114630,우노앤컴퍼니,섬유 및 의류,Y,N,N,N
A123700,SJM,자동차 및 관련부품,Y,N,N,N
A030720,동원수산,식음료,Y,N,N,N
A035460,기산텔레콤,통신,Y,N,N,N
A021650,한국큐빅,자동차 및 관련부품,Y,N,N,N
A084870,TBH글로벌,섬유 및 의류,Y,N,N,N
A052600,한네트,IT서비스,Y,N,N,N
A009180,한솔로지스틱스,운송 및 물류,Y,N,N,N
A219550,MP한강,가정용품,Y,N,N,N
A079950,인베니아,디스플레이 장비 및 부품,Y,N,N,N
A060260,뉴보텍,건설 및 건축자재,Y,N,N,N
A053050,지에스이,유틸리티,Y,N,N,N
A038620,위즈코프,석유 및 가스,Y,N,N,N
A050320,에이앤티앤,IT서비스,Y,N,N,N
A056000,네스엠,전기 및 전자기기,Y,N,N,N
A150900,파수,IT서비스,Y,N,N,N
A140520,대창스틸,철강 및 비철강,Y,N,N,N
A269620,시스웍,반도체 관련장비 및 부품,Y,N,N,N
A091440,텔레필드,통신,Y,N,N,N
A086250,이노와이즈,자동차 및 관련부품,Y,N,N,N
A219130,타이거일렉,반도체 관련장비 및 부품,Y,N,N,N
A001210,금호전기,전기 및 전자기기,Y,N,N,N
A127160,매직마이크로,전기 및 전자기기,Y,N,N,N
A065440,이루온,IT서비스,Y,N,N,N
A051390,YW,유통,Y,N,N,N
A060480,국일신동,철강 및 비철강,Y,N,N,N
A071850,캐스텍코리아,자동차 및 관련부품,Y,N,N,N
A070300,엑스큐어,전기 및 전자기기,Y,N,N,N
A203450,유니온커뮤니티,전기 및 전자기기,Y,N,N,N
A126640,화신정공,자동차 및 관련부품,Y,N,N,N
A050960,수산아이앤티,IT서비스,Y,N,N,N
A101930,인화정공,조선,Y,N,N,N
A064090,에프앤리퍼블릭,전기 및 전자기기,Y,N,N,N
A039240,경남스틸,철강 및 비철강,Y,N,N,N
A187790,나노,화학,Y,N,N,N
A053270,구영테크,자동차 및 관련부품,Y,N,N,N
A310200,애니플러스,미디어 및 엔터,Y,N,N,N
A204840,지엘팜텍,제약 및 바이오,Y,N,N,N
A002680,한탑,식음료,Y,N,N,N
A069640,한세엠케이,섬유 및 의류,Y,N,N,N
A065420,에스아이리소스,유틸리티,Y,N,N,N
A054180,중앙오션,조선,Y,N,N,N
A018470,조일알미늄,철강 및 비철강,Y,N,N,N
A025530,SJM홀딩스,지주사,Y,Y,N,N
A101170,우림기계,기계,Y,N,N,N
A054630,에이디칩스,반도체 관련장비 및 부품,Y,N,N,N
A130500,GH신소재,자동차 및 관련부품,Y,N,N,N
A177350,베셀,디스플레이 장비 및 부품,Y,N,N,N
A237750,피앤씨테크,유틸리티,Y,N,N,N
A019570,리더스 기술투자,금융,Y,N,Y,N
A051630,진양화학,화학,Y,N,N,N
A029480,바른테크놀로지,IT서비스,Y,N,N,N
A141070,맥스로텍,기계,Y,N,N,N
A030350,드래곤플라이,미디어 및 엔터,Y,N,N,N
A054040,한국컴퓨터,디스플레이 장비 및 부품,Y,N,N,N
A138070,신진에스엠,기계,Y,N,N,N
A001620,케이비아이동국실업,자동차 및 관련부품,Y,N,N,N
A017250,인터엠,전기 및 전자기기,Y,N,N,N
A071950,코아스,가정용품,Y,N,N,N
A263020,디케이앤디,섬유 및 의류,Y,N,N,N
A127710,아시아경제,미디어 및 엔터,Y,N,N,N
A204990,코썬바이오,식음료,Y,N,N,N
A085910,네오티스,기계,Y,N,N,N
A307180,아이엘사이언스,디스플레이 장비 및 부품,Y,N,N,N
A018500,동원금속,자동차 및 관련부품,Y,N,N,N
A025870,신라에스지,식음료,Y,N,N,N
A093240,형지엘리트,섬유 및 의류,Y,N,N,N
A066790,씨씨에스,미디어 및 엔터,Y,N,N,N
A023810,인팩,자동차 및 관련부품,Y,N,N,N
A056090,유앤아이,의료기기 및 용품,Y,N,N,N
A044180,KD,건설 및 건축자재,Y,N,N,N
A002220,한일철강,철강 및 비철강,Y,N,N,N
A184230,SGA솔루션즈,IT서비스,Y,N,N,N
A019990,에너토크,기계,Y,N,N,N
A009730,코센,철강 및 비철강,Y,N,N,N
A032540,TJ미디어,레저산업,Y,N,N,N
A012620,원일특강,철강 및 비철강,Y,N,N,N
A064480,브리지텍,IT서비스,Y,N,N,N
A191410,육일씨엔에쓰,IT 장비 및 소재,Y,N,N,N
A008470,부스타,기계,Y,N,N,N
A053160,프리엠스,기계,Y,N,N,N
A038110,에코플라스틱,자동차 및 관련부품,Y,N,N,N
A098120,마이크로컨텍솔,반도체 관련장비 및 부품,Y,N,N,N
A016920,카스,기계,Y,N,N,N
A042600,새로닉스,디스플레이 장비 및 부품,Y,N,N,N
A096610,알에프세미,IT 장비 및 소재,Y,N,N,N
A071090,하이스틸,철강 및 비철강,Y,N,N,N
A032080,아즈텍WB,섬유 및 의류,Y,N,N,N
A297570,알로이스,전기 및 전자기기,Y,N,N,N
A032960,동일기연,IT 장비 및 소재,Y,N,N,N
A011420,갤럭시아에스엠,미디어 및 엔터,Y,N,N,N
A000760,이화산업,섬유 및 의류,Y,N,N,N
A189860,서전기전,기계,Y,N,N,N
A005820,원림,종이 및 용기,Y,N,N,N
A045300,성우테크론,반도체 관련장비 및 부품,Y,N,N,N
A065500,오리엔트정공,자동차 및 관련부품,Y,N,N,N
A002290,삼일기업공사,건설 및 건축자재,Y,N,N,N
A128540,에코캡,자동차 및 관련부품,Y,N,N,N
A226400,오스테오닉,의료기기 및 용품,Y,N,N,N
A275630,에스에스알,IT서비스,Y,N,N,N
A101390,아이엠,IT 장비 및 소재,Y,N,N,N
A079000,와토스코리아,건설 및 건축자재,Y,N,N,N
A254120,자비스,기계,Y,N,N,N
A222810,한류AI센터,IT서비스,Y,N,N,N
A049470,SGA,IT서비스,Y,N,N,N
A028080,휴맥스홀딩스,가정용품,Y,N,N,N
A076080,웰크론한텍,기계,Y,N,N,N
A122690,서진오토모티브,자동차 및 관련부품,Y,N,N,N
A021880,메이슨캐피탈,금융,Y,N,Y,N
A139050,데일리블록체인,운송 및 물류,Y,N,N,N
A060300,레드로버,미디어 및 엔터,Y,N,N,N
A023960,에쓰씨엔지니어링,건설 및 건축자재,Y,N,N,N
A900070,글로벌에스엠,기계,N,N,N,N
A123840,한일진공,디스플레이 장비 및 부품,Y,N,N,N
A007770,한일화학,화학,Y,N,N,N
A353810,이지바이오,식음료,Y,N,N,N
A038010,제일테크노스,건설 및 건축자재,Y,N,N,N
A005450,신한,건설 및 건축자재,Y,N,N,N
A043590,크로바하이텍,IT 장비 및 소재,Y,N,N,N
A153460,네이블,IT서비스,Y,N,N,N
A088790,진도,섬유 및 의류,Y,N,N,N
A119500,포메탈,자동차 및 관련부품,Y,N,N,N
A083470,이엠앤아이,IT 장비 및 소재,Y,N,N,N
A099520,ITX엠투엠,전기 및 전자기기,Y,N,N,N
A025880,케이씨피드,식음료,Y,N,N,N
A049800,우진플라임,기계,Y,N,N,N
A154040,솔루에타,IT 장비 및 소재,Y,N,N,N
A024070,WISCOM,화학,Y,N,N,N
A317530,캐리소프트,IT서비스,Y,N,N,N
A024900,덕양산업,자동차 및 관련부품,Y,N,N,N
A085670,뉴프렉스,IT 장비 및 소재,Y,N,N,N
A215090,이디티,기계,Y,N,N,N
A014910,성문전자,IT 장비 및 소재,Y,N,N,N
A017000,신원종합개발,건설 및 건축자재,Y,N,N,N
A065690,파커스,전기 및 전자기기,Y,N,N,N
A003680,한성기업,식음료,Y,N,N,N
A059100,아이컴포넌트,디스플레이 장비 및 부품,Y,N,N,N
A052770,아이톡시,미디어 및 엔터,Y,N,N,N
A212560,네오오토,자동차 및 관련부품,Y,N,N,N
A093640,다믈멀티미디어,반도체 관련장비 및 부품,Y,N,N,N
A081580,성우전자,IT 장비 및 소재,Y,N,N,N
A072950,빛샘전자,통신,Y,N,N,N
A002690,동일제강,철강 및 비철강,Y,N,N,N
A035200,프럼파스트,건설 및 건축자재,Y,N,N,N
A024850,피에스엠씨,반도체 관련장비 및 부품,Y,N,N,N
A058530,슈펙스비앤피,IT 장비 및 소재,Y,N,N,N
A010420,한솔PNS,종이 및 용기,Y,N,N,N
A009620,삼보산업,자동차 및 관련부품,Y,N,N,N
A067730,로지시스,IT서비스,Y,N,N,N
A011230,삼화전자,IT 장비 및 소재,Y,N,N,N
A161570,THE MIDONG,자동차 및 관련부품,Y,N,N,N
A032280,삼일,운송 및 물류,Y,N,N,N
A010640,진양폴리,화학,Y,N,N,N
A225590,패션플랫폼,섬유 및 의류,Y,N,N,N
A192390,윈하이텍,건설 및 건축자재,Y,N,N,N
A015020,이스타코,미디어 및 엔터,Y,N,N,N
A024910,경창산업,자동차 및 관련부품,Y,N,N,N
A035290,더블유에프엠,일반서비스,Y,N,N,N
A003280,흥아해운,운송 및 물류,Y,N,N,N
A134060,이퓨쳐,일반서비스,Y,N,N,N
A058420,제이웨이,미디어 및 엔터,Y,N,N,N
A115610,이미지스,IT 장비 및 소재,Y,N,N,N
A087600,픽셀플러스,반도체 관련장비 및 부품,Y,N,N,N
A123330,제닉,가정용품,Y,N,N,N
A082660,코스나인,IT 장비 및 소재,Y,N,N,N
A093380,풍강,자동차 및 관련부품,Y,N,N,N
A012170,키위미디어그룹,운송 및 물류,Y,N,N,N
A085810,알티캐스트,IT서비스,Y,N,N,N
A051980,센트럴바이오,통신,Y,N,N,N
A279600,미디어젠,IT서비스,Y,N,N,N
A019770,서연탑메탈,자동차 및 관련부품,Y,N,N,N
A073190,듀오백,가정용품,Y,N,N,N
A004920,씨아이테크,IT서비스,Y,N,N,N
A096640,멜파스,IT 장비 및 소재,Y,N,N,N
A079170,한창산업,철강 및 비철강,Y,N,N,N
A048830,엔피케이,화학,Y,N,N,N
A001770,신화실업,종이 및 용기,Y,N,N,N
A090150,광진윈텍,자동차 및 관련부품,Y,N,N,N
A173130,오파스넷,IT서비스,Y,N,N,N
A006200,한국전자홀딩스,지주사,Y,Y,N,N
A069140,누리플랜,일반서비스,Y,N,N,N
A009140,경인전자,전기 및 전자기기,Y,N,N,N
A197140,디지캡,IT서비스,Y,N,N,N
A037400,우리조명,전기 및 전자기기,Y,N,N,N
A060380,동양에스텍,철강 및 비철강,Y,N,N,N
A900120,씨케이에이치,식음료,N,N,N,N
A045340,토탈소프트,운송 및 물류,Y,N,N,N
A217190,제너셈,반도체 관련장비 및 부품,Y,N,N,N
A011300,성안,섬유 및 의류,Y,N,N,N
A223310,이에스브이,전기 및 전자기기,Y,N,N,N
A187270,신화콘텍,IT 장비 및 소재,Y,N,N,N
A080580,오킨스전자,반도체 관련장비 및 부품,Y,N,N,N
A001420,태원물산,자동차 및 관련부품,Y,N,N,N
A087730,에스모 머티리얼즈,반도체 관련장비 및 부품,Y,N,N,N
A066430,와이오엠,섬유 및 의류,Y,N,N,N
A033110,코너스톤네트웍스,일반서비스,Y,N,N,N
A058450,일야,IT 장비 및 소재,Y,N,N,N
A098660,에스티오,섬유 및 의류,Y,N,N,N
A114120,크루셜텍,IT 장비 및 소재,Y,N,N,N
A181340,이즈미디어,IT 장비 및 소재,Y,N,N,N
A284620,카이노스메드,금융,Y,N,Y,Y
A054220,비츠로시스,유틸리티,Y,N,N,N
A066110,한프,전기 및 전자기기,Y,N,N,N
A196700,웹스,화학,Y,N,N,N
A012600,청호컴넷,IT서비스,Y,N,N,N
A900110,이스트아시아홀딩스,섬유 및 의류,N,N,N,N
A175140,인포마크,전기 및 전자기기,Y,N,N,N
A900080,에스앤씨엔진그룹,자동차 및 관련부품,N,N,N,N
A227100,디자인,IT 장비 및 소재,Y,N,N,N
A008830,대동기어,자동차 및 관련부품,Y,N,N,N
A110020,전진바이오팜,제약 및 바이오,Y,N,N,N
A044780,에이치케이,기계,Y,N,N,N
A033430,디에스티,철강 및 비철강,Y,N,N,N
A214310,세미콘라이트,디스플레이 장비 및 부품,Y,N,N,N
A023790,동일철강,철강 및 비철강,Y,N,N,N
A121850,코이즈,디스플레이 장비 및 부품,Y,N,N,N
A043260,성호전자,IT 장비 및 소재,Y,N,N,N
A039740,한국정보공학,유통,Y,N,N,N
A043100,솔고바이오,의료기기 및 용품,Y,N,N,N
A024940,PN풍년,가정용품,Y,N,N,N
A067770,세진티에스,디스플레이 장비 및 부품,Y,N,N,N
A130740,티피씨글로벌,자동차 및 관련부품,Y,N,N,N
A053660,현진소재,조선,Y,N,N,N
A036180,에이프런티어,제약 및 바이오,Y,N,N,N
A000950,전방,섬유 및 의류,Y,N,N,N
A002420,세기상사,미디어 및 엔터,Y,N,N,N
A020400,대동금속,자동차 및 관련부품,Y,N,N,N
A015260,에이엔피,자동차 및 관련부품,Y,N,N,N
A134580,디엠티,가정용품,Y,N,N,N
A007530,영신금속,자동차 및 관련부품,Y,N,N,N
A101670,코리아에스이,건설 및 건축자재,Y,N,N,N
A011080,형지I&C,섬유 및 의류,Y,N,N,N
A010580,지코,자동차 및 관련부품,Y,N,N,N
A054410,케이피티유,기계,Y,N,N,N
A026910,광진실업,철강 및 비철강,Y,N,N,N
A084180,수성,기계,Y,N,N,N
A043360,디지아이,전기 및 전자기기,Y,N,N,N
A039230,에이아이비트,디스플레이 장비 및 부품,Y,N,N,N
A141020,포티스,IT서비스,Y,N,N,N
A013720,청보산업,자동차 및 관련부품,Y,N,N,N
A019490,하이트론,전기 및 전자기기,Y,N,N,N
A096870,엘디티,반도체 관련장비 및 부품,Y,N,N,N
A101680,한국정밀기계,기계,Y,N,N,N
A319400,엔에이치스팩14호,금융,Y,N,Y,Y
A263540,샘코,기계,Y,N,N,N
A032860,글로스퍼랩스,철강 및 비철강,Y,N,N,N
A025890,한국주강,조선,Y,N,N,N
A005030,부산주공,자동차 및 관련부품,Y,N,N,N
A113810,디젠스,자동차 및 관련부품,Y,N,N,N
A323940,케이비제18호스팩,금융,Y,N,Y,Y
A273060,엔에이치스팩12호,금융,Y,N,Y,Y
A291230,삼성스팩2호,금융,Y,N,Y,Y
A103230,에스앤더블류,조선,Y,N,N,N
A109070,컨버즈,종이 및 용기,Y,N,N,N
A033790,스카이문스테크놀로지,통신,Y,N,N,N
A340360,유안타제6호스팩,금융,Y,N,Y,Y
A052190,이에스에이,미디어 및 엔터,Y,N,N,N
A194510,파티게임즈,미디어 및 엔터,Y,N,N,N
A339950,엔에이치스팩15호,금융,Y,N,Y,Y
A328380,미래에셋대우스팩3호,금융,Y,N,Y,Y
A342550,케이비제20호스팩,금융,Y,N,Y,Y
A053060,세동,자동차 및 관련부품,Y,N,N,N
A317320,한화에스비아이스팩,금융,Y,N,Y,Y
A028040,미래SCI,전기 및 전자기기,Y,N,N,N
A069330,유아이디,디스플레이 장비 및 부품,Y,N,N,N
A277480,신한제4호스팩,금융,Y,N,Y,Y
A008500,일정실업,자동차 및 관련부품,Y,N,N,N
A336060,유안타제5호스팩,금융,Y,N,Y,Y
A340350,SK6호스팩,금융,Y,N,Y,Y
A317030,케이비17호스팩,금융,Y,N,Y,Y
A336570,대신밸런스제8호스팩,금융,Y,N,Y,Y
A050540,한국코퍼레이션,IT서비스,Y,N,N,N
A058220,아리온,가정용품,Y,N,N,N
A261200,하나금융9호스팩,금융,Y,N,Y,Y
A038160,팍스넷,IT서비스,Y,N,N,N
A307070,SK4호스팩,금융,Y,N,Y,Y
A332290,대신밸런스제7호스팩,금융,Y,N,Y,Y
A291210,한국제7호스팩,금융,Y,N,Y,Y
A307750,대신밸런스제6호스팩,금융,Y,N,Y,Y
A333050,신한제6호스팩,금융,Y,N,Y,Y
A340120,하이제5호스팩,금융,Y,N,Y,Y
A192410,감마누,통신,Y,N,N,N
A335890,IBKS제11호스팩,금융,Y,N,Y,Y
A309930,삼성머스트스팩3호,금융,Y,N,Y,Y
A307870,상상인이안1호스팩,금융,Y,N,Y,Y
A307160,하나머스트제6호스팩,금융,Y,N,Y,Y
A341160,하나금융15호스팩,금융,Y,N,Y,Y
A340440,한화플러스제1호스팩,금융,Y,N,Y,Y
A313750,유안타제4호스팩,금융,Y,N,Y,Y
A160600,이큐셀,디스플레이 장비 및 부품,Y,N,N,N
A226350,아이엠텍,IT 장비 및 소재,Y,N,N,N
A322780,DB금융스팩7호,금융,Y,N,Y,Y
A281410,한국제6호스팩,금융,Y,N,Y,Y
A299170,IBKS제10호스팩,금융,Y,N,Y,Y
A317240,하이제4호스팩,금융,Y,N,Y,Y
A332710,하나금융14호스팩,금융,Y,N,Y,Y
A333430,미래에셋대우스팩4호,금융,Y,N,Y,Y
A287410,유안타제3호스팩,금융,Y,N,Y,Y
A344050,신영스팩6호,금융,Y,N,Y,Y
A337450,SK5호스팩,금융,Y,N,Y,Y
A323230,신한제5호스팩,금융,Y,N,Y,Y
A330990,케이비제19호스팩,금융,Y,N,Y,Y
A195440,퓨전,IT서비스,Y,N,N,N
A331380,유진스팩5호,금융,Y,N,Y,Y
A331520,교보9호스팩,금융,Y,N,Y,Y
A329560,상상인이안제2호스팩,금융,Y,N,Y,Y
A307280,교보8호스팩,금융,Y,N,Y,Y
A276920,IBKS제7호스팩,금융,Y,N,Y,Y
A033600,럭슬,자동차 및 관련부품,Y,N,N,N
A311270,키움제5호스팩,금융,Y,N,Y,Y
A320000,하나금융13호스팩,금융,Y,N,Y,Y
A349720,이베스트스팩5호,금융,Y,N,Y,Y
A279410,한화에이스스팩4호,금융,Y,N,Y,Y
A323280,신영스팩5호,금융,Y,N,Y,Y
A321260,유진스팩4호,금융,Y,N,Y,Y
A310840,엔에이치스팩13호,금융,Y,N,Y,Y
A114570,지스마트글로벌,건설 및 건축자재,Y,N,N,N
A310870,한국제8호스팩,금융,Y,N,Y,Y
A121890,에스디시스템,IT서비스,Y,N,N,N
A080440,에스제이케이,자동차 및 관련부품,Y,N,N,N
A323210,이베스트이안스팩1호,금융,Y,N,Y,Y
A335870,IBKS제12호스팩,금융,Y,N,Y,Y
A347140,케이프이에스제4호,금융,Y,N,Y,Y
A158310,스타모빌리티,기계,Y,N,N,N
A149940,모다,통신,Y,N,N,N
A088980,맥쿼리인프라,운송 및 물류,Y,N,N,N
A088260,이리츠코크렙,일반서비스,Y,N,N,N
